model,dataset,label,legacy_source,paper_auc,baseline_auc,baseline_delta_auc_vs_paper,sisa_mean_auc,sisa_std_auc,sisa_min_auc,sisa_max_auc,sisa_range_auc,sisa_mean_delta_auc_vs_baseline,sisa_mean_delta_auc_vs_paper,auc_mean_beats_baseline,auc_mean_beats_paper,auc_all_seeds_beat_baseline,auc_all_seeds_beat_paper,paper_logloss,baseline_logloss,baseline_delta_logloss_vs_paper,sisa_mean_logloss,sisa_std_logloss,sisa_min_logloss,sisa_max_logloss,sisa_range_logloss,sisa_mean_delta_logloss_vs_baseline,sisa_mean_delta_logloss_vs_paper,logloss_mean_beats_baseline,logloss_mean_beats_paper,logloss_all_seeds_beat_baseline,logloss_all_seeds_beat_paper,sisa_20262027_auc,sisa_20262027_logloss,sisa_20262028_auc,sisa_20262028_logloss,sisa_20262029_auc,sisa_20262029_logloss
HiFormer,KuaiRand_Video_Action,is_click,sisa_native_strict,0.7782,0.777662,-0.0005380000000000384,0.7964246666666667,0.0007053384530374967,0.795981,0.797238,0.0012569999999999526,0.018762666666666705,0.018224666666666667,True,True,True,True,0.54,0.541932,0.0019319999999999338,0.5230676666666666,0.0014362069256667876,0.521549,0.524404,0.002854999999999941,-0.018864333333333372,-0.016932333333333438,True,True,True,True,0.797238,0.521549,0.795981,0.524404,0.796055,0.52325
HiFormer,KuaiRand_Video_Action,is_comment,sisa_native_strict,0.8993,0.898789,-0.0005110000000000392,0.8968626666666667,0.0017255046604785754,0.895209,0.898652,0.003442999999999974,-0.0019263333333332522,-0.0024373333333332914,False,False,False,False,0.0147,0.014709,9.000000000000327e-06,0.014747666666666668,5.346338310781766e-05,0.014701,0.014806,0.00010499999999999919,3.866666666666775e-05,4.766666666666808e-05,False,False,False,False,0.895209,0.014806,0.898652,0.014701,0.896727,0.014736
HiFormer,KuaiRand_Video_Action,is_follow,sisa_native_strict,0.8872,0.879913,-0.0072870000000000434,0.8846663333333332,0.002588372525996458,0.881796,0.886823,0.005027000000000004,0.004753333333333276,-0.0025336666666667673,True,False,True,False,0.0063,0.006364,6.399999999999982e-05,0.0062053333333333335,4.2158431343366426e-05,0.00618,0.006254,7.400000000000028e-05,-0.00015866666666666633,-9.466666666666651e-05,True,True,True,True,0.881796,0.00618,0.88538,0.006254,0.886823,0.006182
HiFormer,KuaiRand_Video_Action,is_forward,sisa_native_strict,0.871,0.87092,-7.999999999996898e-05,0.8687826666666666,0.0007538277875836769,0.867965,0.86945,0.0014849999999999586,-0.0021373333333334354,-0.0022173333333334044,False,False,False,False,0.0057,0.005684,-1.600000000000039e-05,0.005684333333333333,1.8717193521822133e-05,0.005663,0.005698,3.500000000000031e-05,3.3333333333308846e-07,-1.56666666666673e-05,False,True,False,True,0.86945,0.005692,0.868933,0.005698,0.867965,0.005663
HiFormer,KuaiRand_Video_Action,is_like,sisa_native_strict,0.9294,0.928496,-0.0009040000000000159,0.927202,0.0018671430046999652,0.925869,0.929336,0.003466999999999998,-0.0012940000000000174,-0.0021980000000000333,False,False,False,False,0.0535,0.053637,0.00013699999999999823,0.054072,0.0004673745821073287,0.053535,0.054387,0.0008519999999999986,0.00043500000000000483,0.0005720000000000031,False,False,False,False,0.925869,0.054294,0.929336,0.053535,0.926401,0.054387
HiFormer,KuaiRand_Video_Action,long_view,sisa_native_strict,0.7961,0.79511,-0.0009900000000000464,0.8063733333333333,0.003177431404976912,0.803433,0.809744,0.0063110000000000666,0.011263333333333292,0.010273333333333245,True,True,True,True,0.4569,0.460971,0.004071000000000047,0.45580533333333334,0.0065645309301833365,0.448796,0.461809,0.013013000000000052,-0.0051656666666666795,-0.0010946666666666327,True,True,False,False,0.803433,0.461809,0.809744,0.448796,0.805943,0.456811
HiFormer,MerRec_Action,Cart,sisa_native_strict,0.8123,0.810019,-0.0022809999999999775,0.8174040000000001,0.0034065350431192985,0.813548,0.820005,0.006456999999999935,0.007385000000000086,0.0051040000000001085,True,True,True,True,0.053,0.053089,8.89999999999988e-05,0.051970333333333334,0.00020258413889871375,0.051844,0.052204,0.0003599999999999992,-0.0011186666666666636,-0.0010296666666666648,True,True,True,True,0.813548,0.052204,0.818659,0.051844,0.820005,0.051863
HiFormer,MerRec_Action,Checkout,sisa_native_strict,0.8354,0.834515,-0.0008850000000000247,0.8377873333333333,0.008071811031815175,0.829334,0.845414,0.016079999999999983,0.0032723333333333215,0.002387333333333297,True,True,False,False,0.0127,0.012448,-0.00025199999999999875,0.011871,0.002386645344411272,0.009625,0.014377,0.004751999999999999,-0.0005770000000000011,-0.0008289999999999999,True,True,False,False,0.838614,0.011611,0.845414,0.009625,0.829334,0.014377
HiFormer,MerRec_Action,Like,sisa_native_strict,0.7518,0.74961,-0.0021900000000000253,0.7640059999999999,0.0019347092804863379,0.761906,0.765716,0.00380999999999998,0.014395999999999853,0.012205999999999828,True,True,True,True,0.3277,0.328501,0.0008009999999999962,0.3230903333333333,0.0012957354411041397,0.3216,0.32395,0.0023500000000000187,-0.005410666666666675,-0.004609666666666679,True,True,True,True,0.764396,0.3216,0.765716,0.323721,0.761906,0.32395
HiFormer,MerRec_Action,Offer,sisa_native_strict,0.7704,0.775777,0.005377000000000076,0.7684730000000001,0.006135547489833375,0.761824,0.773916,0.012092000000000103,-0.007303999999999977,-0.001926999999999901,False,False,False,False,0.0242,0.023378,-0.0008219999999999998,0.02264933333333333,0.0010724133220607313,0.021428,0.023437,0.0020090000000000004,-0.0007286666666666691,-0.001550666666666669,True,True,False,True,0.761824,0.023437,0.769679,0.021428,0.773916,0.023083
HiFormer,MerRec_Action,Purchase,sisa_native_strict,0.8408,0.835563,-0.005237000000000047,0.838203,0.0075839071064985894,0.83307,0.846914,0.013843999999999967,0.0026400000000000867,-0.0025969999999999605,True,False,False,False,0.0077,0.008751,0.0010509999999999999,0.007609333333333333,0.0013754963952454888,0.006044,0.008625,0.002581000000000001,-0.0011416666666666667,-9.066666666666685e-05,True,True,True,False,0.83307,0.008159,0.846914,0.006044,0.834625,0.008625
HiFormer,QK_Video_Action,click,sisa_native_strict,0.9323,0.932306,5.999999999950489e-06,0.932011,0.0006425145912740084,0.931291,0.932526,0.0012349999999999861,-0.0002949999999999342,-0.0002889999999999837,False,False,False,False,0.2539,0.253972,7.199999999996098e-05,0.25431033333333336,0.0008919474947178008,0.25365,0.255325,0.0016750000000000376,0.0003383333333333849,0.0004103333333333459,False,False,False,False,0.932526,0.25365,0.931291,0.255325,0.932216,0.253956
HiFormer,QK_Video_Action,follow,sisa_native_strict,0.9185,0.919914,0.0014140000000000263,0.9136206666666666,0.000287571440399262,0.913352,0.913924,0.0005719999999999059,-0.006293333333333373,-0.004879333333333347,False,False,False,False,0.005,0.004997,-3.000000000000398e-06,0.005167666666666667,9.728480525412647e-05,0.005111,0.00528,0.00016899999999999988,0.00017066666666666706,0.00016766666666666666,False,False,False,False,0.913924,0.005111,0.913586,0.005112,0.913352,0.00528
HiFormer,QK_Video_Action,like,sisa_native_strict,0.9465,0.946691,0.00019099999999994122,0.9453876666666666,0.00012188655928092945,0.945247,0.945462,0.00021500000000007624,-0.001303333333333323,-0.0011123333333333818,False,False,False,False,0.0372,0.037272,7.200000000000262e-05,0.03755933333333333,0.00029743962972901534,0.037298,0.037883,0.0005850000000000022,0.0002873333333333339,0.0003593333333333365,False,False,False,False,0.945462,0.037298,0.945454,0.037497,0.945247,0.037883
HiFormer,QK_Video_Action,share,sisa_native_strict,0.9334,0.933742,0.00034199999999995345,0.9324003333333333,0.0008051970773253939,0.931627,0.933234,0.001607000000000025,-0.0013416666666666854,-0.000999666666666732,False,False,False,False,0.0053,0.005301,1.0000000000001327e-06,0.0054589999999999994,9.954396013822251e-05,0.005366,0.005564,0.00019800000000000026,0.0001579999999999993,0.00015899999999999942,False,False,False,False,0.93234,0.005366,0.933234,0.005447,0.931627,0.005564
HiFormer,TencentGR_10M_Action,is_click,sisa_expansion_acd,0.831,0.837502,0.006502000000000008,0.8493683333333334,0.0023830695191985993,0.846706,0.851302,0.0045960000000000445,0.011866333333333423,0.01836833333333343,True,True,True,True,0.0355,0.047367,0.011867000000000003,0.043819666666666666,0.003382159418675194,0.040661,0.047388,0.006726999999999997,-0.003547333333333333,0.00831966666666667,True,False,False,False,0.846706,0.040661,0.851302,0.04341,0.850097,0.047388
HiFormer,TencentGR_10M_Action,is_conversion,sisa_expansion_acd,0.873,0.872968,-3.2000000000032e-05,0.8890076666666666,0.001869618231975052,0.886886,0.890414,0.0035280000000000866,0.016039666666666674,0.016007666666666642,True,True,True,True,0.0177,0.01701,-0.0006899999999999996,0.016642333333333332,0.0012198648832281935,0.015246,0.017501,0.002255,-0.0003676666666666689,-0.0010576666666666686,True,True,False,True,0.886886,0.015246,0.890414,0.01718,0.889723,0.017501
HyFormer,KuaiRand_Video_Action,is_click,sisa_expansion_acd,0.7817,0.782927,0.0012270000000000891,0.7946779999999999,0.0013485069521511307,0.793189,0.795817,0.0026279999999999637,0.011750999999999845,0.012977999999999934,True,True,True,True,0.5412,0.540743,-0.0004570000000000407,0.5274636666666667,0.004745027853799489,0.524111,0.532893,0.008781999999999957,-0.01327933333333331,-0.01373633333333335,True,True,True,True,0.795817,0.525387,0.793189,0.532893,0.795028,0.524111
HyFormer,KuaiRand_Video_Action,is_comment,sisa_expansion_acd,0.8853,0.889771,0.004471000000000003,0.891433,0.0018138437088128926,0.889446,0.893,0.003554000000000057,0.0016620000000000523,0.006133000000000055,True,True,False,True,0.0151,0.015035,-6.500000000000082e-05,0.015042666666666668,0.0001931070514852664,0.014859,0.015244,0.0003849999999999999,7.666666666667973e-06,-5.733333333333285e-05,False,True,False,False,0.891853,0.014859,0.893,0.015244,0.889446,0.015025
HyFormer,KuaiRand_Video_Action,is_follow,sisa_expansion_acd,0.88,0.879855,-0.00014499999999995072,0.882623,0.005798965166303387,0.875987,0.886716,0.010728999999999989,0.0027679999999999927,0.002623000000000042,True,True,False,False,0.0066,0.006594,-5.999999999999929e-06,0.006301333333333333,5.052062285179519e-05,0.006261,0.006358,9.699999999999986e-05,-0.00029266666666666677,-0.0002986666666666667,True,True,True,True,0.886716,0.006261,0.885166,0.006285,0.875987,0.006358
HyFormer,KuaiRand_Video_Action,is_forward,sisa_expansion_acd,0.8691,0.86964,0.0005399999999999849,0.8709600000000001,0.0020398362679392205,0.868786,0.872832,0.004046000000000105,0.0013200000000000989,0.0018600000000000838,True,True,False,False,0.0058,0.005816,1.600000000000039e-05,0.005704999999999999,0.00012952605915413326,0.005598,0.005849,0.00025100000000000035,-0.00011100000000000085,-9.500000000000047e-05,True,True,False,False,0.872832,0.005598,0.868786,0.005668,0.871262,0.005849
HyFormer,KuaiRand_Video_Action,is_like,sisa_expansion_acd,0.9215,0.922436,0.0009360000000000479,0.9256886666666667,0.0007018307013328332,0.925135,0.926478,0.001342999999999983,0.0032526666666666815,0.004188666666666729,True,True,True,True,0.0559,0.055706,-0.00019399999999999973,0.05515900000000001,0.0015222539210000426,0.05416,0.056911,0.0027510000000000034,-0.0005469999999999919,-0.0007409999999999917,True,True,False,False,0.925135,0.054406,0.925453,0.056911,0.926478,0.05416
HyFormer,KuaiRand_Video_Action,long_view,sisa_expansion_acd,0.7984,0.798512,0.00011200000000000099,0.8094610000000001,0.0029772401649850416,0.806051,0.811544,0.005493000000000081,0.010949000000000098,0.011061000000000099,True,True,True,True,0.4552,0.454605,-0.0005950000000000122,0.444162,0.001761643266952764,0.442765,0.446141,0.00337599999999999,-0.01044299999999998,-0.011037999999999992,True,True,True,True,0.810788,0.44358,0.806051,0.446141,0.811544,0.442765
HyFormer,MerRec_Action,Cart,sisa_expansion_acd,0.7986,0.798071,-0.0005290000000000017,0.811712,0.0018956078180889214,0.810189,0.813835,0.003645999999999927,0.013641000000000014,0.013112000000000013,True,True,True,True,0.0538,0.053872,7.200000000000262e-05,0.052387333333333334,7.765522090196881e-05,0.052342,0.052477,0.00013500000000000317,-0.0014846666666666689,-0.0014126666666666662,True,True,True,True,0.813835,0.052342,0.810189,0.052477,0.811112,0.052343
HyFormer,MerRec_Action,Checkout,sisa_expansion_acd,0.8514,0.848886,-0.0025140000000000162,0.8552863333333333,0.0018722353840618768,0.853285,0.856995,0.003709999999999991,0.00640033333333323,0.003886333333333214,True,True,True,True,0.0056,0.00552,-8.000000000000021e-05,0.005475666666666667,0.0005991196319044581,0.004954,0.00613,0.001176,-4.433333333333286e-05,-0.00012433333333333307,True,True,False,False,0.856995,0.005343,0.855579,0.004954,0.853285,0.00613
HyFormer,MerRec_Action,Like,sisa_expansion_acd,0.7361,0.73532,-0.0007800000000000029,0.7551493333333333,0.004192786702580154,0.750689,0.75901,0.008320999999999912,0.019829333333333365,0.019049333333333363,True,True,True,True,0.3341,0.334592,0.0004919999999999924,0.32698699999999997,0.004224872542456161,0.322929,0.331361,0.008431999999999995,-0.007605000000000028,-0.007113000000000036,True,True,True,True,0.75901,0.322929,0.750689,0.331361,0.755749,0.326671
HyFormer,MerRec_Action,Offer,sisa_expansion_acd,0.74,0.739902,-9.80000000000425e-05,0.7444606666666665,0.01215407361065964,0.731796,0.75603,0.024233999999999978,0.0045586666666666,0.004460666666666557,True,True,False,False,0.0219,0.021683,-0.00021699999999999844,0.021509666666666667,0.00040950498572463493,0.021099,0.021918,0.0008190000000000003,-0.00017333333333333437,-0.0003903333333333328,True,True,False,False,0.745556,0.021918,0.731796,0.021512,0.75603,0.021099
HyFormer,MerRec_Action,Purchase,sisa_expansion_acd,0.8475,0.846507,-0.0009930000000000216,0.856035,0.0007427698162957547,0.855258,0.856738,0.0014800000000000368,0.009527999999999981,0.00853499999999996,True,True,True,True,0.0037,0.003614,-8.600000000000014e-05,0.003499,0.0003633607023330949,0.003084,0.00376,0.000676,-0.00011500000000000008,-0.00020100000000000022,True,True,False,False,0.855258,0.003653,0.856109,0.003084,0.856738,0.00376
HyFormer,QK_Video_Action,click,sisa_expansion_acd,0.933,0.933053,5.299999999996974e-05,0.9343469999999999,0.00025749563103087545,0.934075,0.934587,0.0005119999999999569,0.0012939999999999063,0.001346999999999876,True,True,True,True,0.2529,0.252904,4.000000000004e-06,0.25050900000000004,0.00031178357878503335,0.250224,0.250842,0.0006180000000000074,-0.0023949999999999805,-0.0023909999999999765,True,True,True,True,0.934587,0.250224,0.934075,0.250842,0.934379,0.250461
HyFormer,QK_Video_Action,follow,sisa_expansion_acd,0.911,0.91174,0.0007399999999999629,0.912554,0.0009242256218045247,0.911898,0.913611,0.0017129999999999646,0.0008139999999999814,0.0015539999999999443,True,True,True,True,0.0052,0.005132,-6.799999999999948e-05,0.0051726666666666666,8.098353742170892e-05,0.005121,0.005266,0.00014500000000000016,4.066666666666628e-05,-2.7333333333333203e-05,False,True,False,False,0.911898,0.005131,0.913611,0.005121,0.912153,0.005266
HyFormer,QK_Video_Action,like,sisa_expansion_acd,0.9464,0.946457,5.699999999997374e-05,0.946867,0.0005248895121832685,0.946284,0.947302,0.0010179999999999634,0.00041000000000002146,0.0004669999999999952,True,True,False,False,0.037,0.036969,-3.099999999999631e-05,0.037218,0.0004885498950977252,0.036658,0.037557,0.000898999999999997,0.0002489999999999992,0.00021800000000000291,False,False,False,False,0.947302,0.036658,0.947015,0.037439,0.946284,0.037557
HyFormer,QK_Video_Action,share,sisa_expansion_acd,0.9305,0.92972,-0.0007800000000000029,0.9311833333333333,0.0006465789459403438,0.930531,0.931824,0.0012929999999999886,0.001463333333333261,0.0006833333333332581,True,True,True,True,0.0054,0.005374,-2.599999999999998e-05,0.005405,6.94190175672341e-05,0.005327,0.00546,0.00013299999999999944,3.099999999999978e-05,4.999999999999796e-06,False,False,False,False,0.931195,0.005327,0.930531,0.005428,0.931824,0.00546
HyFormer,TencentGR_10M_Action,is_click,sisa_expansion_acd,0.8267,0.825794,-0.0009059999999999624,0.8453083333333334,0.0066000238130883735,0.838596,0.85179,0.013194000000000039,0.01951433333333341,0.01860833333333345,True,True,True,True,0.0527,0.051701,-0.0009989999999999999,0.04999133333333333,0.0027602799374942624,0.047312,0.052826,0.005513999999999998,-0.0017096666666666649,-0.0027086666666666648,True,True,False,False,0.838596,0.049836,0.85179,0.047312,0.845539,0.052826
HyFormer,TencentGR_10M_Action,is_conversion,sisa_expansion_acd,0.8758,0.87668,0.0008799999999999919,0.8909236666666667,0.005550280563479082,0.886346,0.897097,0.010751000000000066,0.014243666666666654,0.015123666666666646,True,True,True,True,0.0185,0.018252,-0.0002479999999999982,0.017844666666666665,0.001030041908532529,0.016894,0.018939,0.0020450000000000017,-0.00040733333333333593,-0.0006553333333333342,True,True,False,False,0.886346,0.016894,0.897097,0.017701,0.889328,0.018939
RankMixer,KuaiRand_Video_Action,is_click,sisa_native_strict,0.781,0.780693,-0.00030700000000005723,0.7954916666666666,0.0011465711200502628,0.794759,0.796813,0.0020540000000000003,0.014798666666666627,0.01449166666666657,True,True,True,True,0.5408,0.541045,0.00024500000000005073,0.524181,0.0015428120429916302,0.522401,0.525134,0.0027329999999999854,-0.01686399999999999,-0.01661899999999994,True,True,True,True,0.794759,0.525008,0.794903,0.525134,0.796813,0.522401
RankMixer,KuaiRand_Video_Action,is_comment,sisa_native_strict,0.8845,0.884469,-3.100000000000325e-05,0.8921536666666666,0.002161768797381773,0.890161,0.894452,0.004291000000000045,0.007684666666666673,0.00765366666666667,True,True,True,True,0.0152,0.015211,1.1000000000000593e-05,0.014907333333333333,5.1733290377989314e-05,0.014853,0.014956,0.00010300000000000066,-0.00030366666666666736,-0.00029266666666666677,True,True,True,True,0.891848,0.014913,0.890161,0.014956,0.894452,0.014853
RankMixer,KuaiRand_Video_Action,is_follow,sisa_native_strict,0.8739,0.873795,-0.00010500000000002174,0.8801760000000001,0.0028300549464630536,0.87721,0.882847,0.005637000000000003,0.006381000000000081,0.006276000000000059,True,True,True,True,0.0064,0.006422,2.199999999999945e-05,0.006292333333333334,5.3594153910042326e-05,0.006237,0.006344,0.00010699999999999946,-0.00012966666666666595,-0.0001076666666666665,True,True,True,True,0.880471,0.006296,0.87721,0.006344,0.882847,0.006237
RankMixer,KuaiRand_Video_Action,is_forward,sisa_native_strict,0.8499,0.851098,0.0011980000000000324,0.864575,0.0039539229886278665,0.860017,0.867082,0.007064999999999988,0.013476999999999961,0.014674999999999994,True,True,True,True,0.0058,0.005811,1.1000000000000593e-05,0.005704333333333333,3.9627431576287395e-05,0.005663,0.005742,7.900000000000008e-05,-0.00010666666666666724,-9.566666666666664e-05,True,True,True,True,0.860017,0.005742,0.866626,0.005663,0.867082,0.005708
RankMixer,KuaiRand_Video_Action,is_like,sisa_native_strict,0.9241,0.923963,-0.00013700000000005375,0.9277576666666666,0.0007763828522921587,0.927295,0.928654,0.001358999999999999,0.003794666666666613,0.003657666666666559,True,True,True,True,0.0553,0.055584,0.00028399999999999953,0.053764,0.00017598011251275045,0.053569,0.053911,0.000342000000000002,-0.0018200000000000022,-0.0015360000000000026,True,True,True,True,0.927324,0.053812,0.927295,0.053911,0.928654,0.053569
RankMixer,KuaiRand_Video_Action,long_view,sisa_native_strict,0.8002,0.800238,3.799999999998249e-05,0.812847,0.0014437828784134962,0.81142,0.814307,0.002886999999999973,0.012608999999999981,0.012646999999999964,True,True,True,True,0.4539,0.453588,-0.00031200000000003447,0.44119200000000003,0.0017571715909381188,0.439336,0.44283,0.003493999999999997,-0.012395999999999963,-0.012707999999999997,True,True,True,True,0.81142,0.44283,0.812814,0.44141,0.814307,0.439336
RankMixer,MerRec_Action,Cart,sisa_native_strict,0.793,0.792999,-1.0000000000287557e-06,0.811887,0.0021449566429184554,0.810422,0.814349,0.003927000000000014,0.018888000000000016,0.018886999999999987,True,True,True,True,0.0539,0.053894,-6.0000000000060005e-06,0.05235666666666666,7.086842268128289e-05,0.052303,0.052437,0.00013399999999999523,-0.001537333333333335,-0.001543333333333341,True,True,True,True,0.81089,0.05233,0.814349,0.052303,0.810422,0.052437
RankMixer,MerRec_Action,Checkout,sisa_native_strict,0.8379,0.836097,-0.001802999999999999,0.8403526666666666,0.006618504690134574,0.834801,0.847677,0.012875999999999999,0.004255666666666658,0.0024526666666666586,True,True,False,False,0.0047,0.004732,3.199999999999991e-05,0.004733666666666666,0.00011931610676406315,0.00464,0.004868,0.0002279999999999999,1.6666666666663096e-06,3.366666666666622e-05,False,False,False,False,0.83858,0.004693,0.847677,0.00464,0.834801,0.004868
RankMixer,MerRec_Action,Like,sisa_native_strict,0.7448,0.744913,0.00011300000000002974,0.761264,0.001726954834383376,0.759983,0.763228,0.0032450000000000534,0.016351000000000004,0.016464000000000034,True,True,True,True,0.3319,0.331885,-1.4999999999987246e-05,0.32238666666666665,0.0014211352269693862,0.320886,0.323712,0.002825999999999995,-0.00949833333333333,-0.009513333333333318,True,True,True,True,0.759983,0.322562,0.760581,0.323712,0.763228,0.320886
RankMixer,MerRec_Action,Offer,sisa_native_strict,0.7288,0.728575,-0.00022500000000003073,0.7354953333333333,0.0029805154475917484,0.732952,0.738775,0.005822999999999912,0.006920333333333306,0.006695333333333275,True,True,True,True,0.0214,0.021398,-1.9999999999985307e-06,0.021386666666666665,2.7736858750285637e-05,0.021356,0.02141,5.3999999999998494e-05,-1.1333333333335416e-05,-1.3333333333333947e-05,True,True,False,False,0.732952,0.02141,0.734759,0.021394,0.738775,0.021356
RankMixer,MerRec_Action,Purchase,sisa_native_strict,0.8407,0.840563,-0.00013700000000005375,0.8432666666666666,0.009171193179370615,0.837675,0.853851,0.01617600000000008,0.0027036666666666598,0.002566666666666606,True,True,False,False,0.003,0.00305,5.000000000000013e-05,0.0030666666666666668,9.033456333725944e-05,0.002998,0.003169,0.00017100000000000014,1.6666666666666566e-05,6.66666666666667e-05,False,False,False,False,0.838274,0.003033,0.853851,0.002998,0.837675,0.003169
RankMixer,QK_Video_Action,click,sisa_native_strict,0.9318,0.931713,-8.699999999994823e-05,0.9328773333333333,0.0004225000986193102,0.932455,0.9333,0.0008449999999999847,0.0011643333333333228,0.0010773333333333746,True,True,True,True,0.2547,0.254815,0.00011500000000003174,0.25320666666666664,0.0008616996769950437,0.252233,0.253871,0.0016380000000000283,-0.0016083333333333782,-0.0014933333333333465,True,True,True,True,0.9333,0.252233,0.932455,0.253516,0.932877,0.253871
RankMixer,QK_Video_Action,follow,sisa_native_strict,0.9108,0.910614,-0.00018600000000001948,0.9117486666666667,0.0012479684825080018,0.910454,0.912944,0.0024899999999999922,0.0011346666666666172,0.0009486666666665977,True,True,False,False,0.0052,0.005177,-2.2999999999999583e-05,0.005227333333333334,5.57344896211791e-05,0.005163,0.005261,9.8e-05,5.033333333333365e-05,2.733333333333407e-05,False,False,False,False,0.911848,0.005163,0.912944,0.005261,0.910454,0.005258
RankMixer,QK_Video_Action,like,sisa_native_strict,0.9444,0.944118,-0.00028200000000000447,0.94405,0.001227195583434045,0.943098,0.945435,0.0023370000000000335,-6.8000000000068e-05,-0.0003500000000000725,False,False,False,False,0.0375,0.037417,-8.299999999999974e-05,0.03790833333333333,0.0008649140612415398,0.036966,0.038666,0.0017000000000000001,0.0004913333333333297,0.00040833333333333,False,False,False,False,0.945435,0.036966,0.943098,0.038666,0.943617,0.038093
RankMixer,QK_Video_Action,share,sisa_native_strict,0.929,0.929184,0.00018399999999996197,0.9292023333333334,0.00108279838074008,0.927964,0.929971,0.002006999999999981,1.8333333333342416e-05,0.0002023333333333044,True,True,False,False,0.0054,0.005411,1.0999999999999725e-05,0.005480666666666666,0.00010016652800877814,0.005404,0.005594,0.00019000000000000006,6.96666666666658e-05,8.066666666666552e-05,False,False,False,False,0.929971,0.005404,0.927964,0.005594,0.929672,0.005444
RankMixer,TencentGR_10M_Action,is_click,sisa_expansion_acd,0.8069,0.815759,0.008859000000000061,0.8243776666666666,0.0030553713904095726,0.821511,0.827592,0.006081000000000003,0.008618666666666552,0.017477666666666614,True,True,True,True,0.0412,0.061211,0.020011,0.06451333333333333,0.004804280625997335,0.05899,0.067723,0.008733000000000005,0.003302333333333324,0.023313333333333325,False,False,False,False,0.827592,0.05899,0.821511,0.066827,0.82403,0.067723
RankMixer,TencentGR_10M_Action,is_conversion,sisa_expansion_acd,0.8683,0.873967,0.005667000000000089,0.8779879999999999,0.004307616626395624,0.874172,0.882659,0.008487000000000022,0.00402099999999983,0.009687999999999919,True,True,True,True,0.0216,0.023279,0.001679,0.024752,0.002516930471824759,0.022015,0.026967,0.0049520000000000015,0.0014729999999999986,0.0031519999999999986,False,False,False,False,0.882659,0.022015,0.874172,0.026967,0.877133,0.025274
Zenith,KuaiRand_Video_Action,is_click,sisa_native_strict,0.7816,0.781888,0.000288000000000066,0.7887333333333334,0.0035834210376863526,0.785892,0.792759,0.0068669999999999565,0.00684533333333337,0.007133333333333436,True,True,True,True,0.5389,0.538991,9.099999999995223e-05,0.5344596666666667,0.00583399428636446,0.527799,0.538663,0.010863999999999985,-0.004531333333333332,-0.004440333333333379,True,True,True,True,0.792759,0.527799,0.787549,0.536917,0.785892,0.538663
Zenith,KuaiRand_Video_Action,is_comment,sisa_native_strict,0.8994,0.897885,-0.001514999999999933,0.8975983333333334,0.0031973029780321127,0.895144,0.901214,0.006069999999999909,-0.0002866666666666573,-0.0018016666666665904,False,False,False,False,0.0147,0.014788,8.800000000000127e-05,0.014726999999999999,0.0001101090368680061,0.014609,0.014827,0.00021799999999999944,-6.1000000000002025e-05,2.6999999999999247e-05,True,False,False,False,0.901214,0.014609,0.896437,0.014745,0.895144,0.014827
Zenith,KuaiRand_Video_Action,is_follow,sisa_native_strict,0.8844,0.881683,-0.0027169999999999694,0.88842,0.002657688469328189,0.885366,0.890208,0.004842000000000013,0.006736999999999993,0.0040200000000000236,True,True,True,True,0.0065,0.006761,0.00026099999999999995,0.006192,5.164300533470122e-05,0.006155,0.006251,9.599999999999973e-05,-0.0005690000000000001,-0.0003080000000000001,True,True,True,True,0.890208,0.006251,0.885366,0.006155,0.889686,0.00617
Zenith,KuaiRand_Video_Action,is_forward,sisa_native_strict,0.8704,0.871088,0.0006880000000000219,0.8721136666666668,0.0026411607927829036,0.869064,0.873658,0.004594000000000098,0.0010256666666668135,0.0017136666666668354,True,True,False,False,0.0056,0.005649,4.900000000000043e-05,0.005615666666666667,4.952103929981008e-05,0.005579,0.005672,9.30000000000002e-05,-3.333333333333313e-05,1.56666666666673e-05,True,False,False,False,0.873619,0.005596,0.869064,0.005672,0.873658,0.005579
Zenith,KuaiRand_Video_Action,is_like,sisa_native_strict,0.9294,0.928141,-0.0012590000000000101,0.927794,0.0023831886203152246,0.925888,0.930466,0.004577999999999971,-0.0003469999999999862,-0.0016059999999999963,False,False,False,False,0.0537,0.054321,0.0006210000000000035,0.05457733333333333,0.0011736483005284578,0.053227,0.055352,0.002125000000000002,0.00025633333333333064,0.0008773333333333341,False,False,False,False,0.930466,0.053227,0.925888,0.055153,0.927028,0.055352
Zenith,KuaiRand_Video_Action,long_view,sisa_native_strict,0.7981,0.79729,-0.0008099999999999774,0.8043269999999999,0.005162964942743657,0.800178,0.810109,0.009931000000000023,0.007036999999999849,0.0062269999999998715,True,True,True,True,0.4582,0.459923,0.00172300000000003,0.454895,0.00886274427025851,0.445069,0.462285,0.01721600000000001,-0.0050280000000000324,-0.0033050000000000024,True,True,False,False,0.810109,0.445069,0.802694,0.457331,0.800178,0.462285
Zenith,MerRec_Action,Cart,sisa_native_strict,0.8019,0.806908,0.0050080000000000124,0.8145986666666666,0.0020684018790683117,0.812453,0.81658,0.004126999999999992,0.0076906666666666235,0.012698666666666636,True,True,True,True,0.0546,0.053756,-0.0008440000000000045,0.05284133333333333,0.0006581620874323719,0.05211,0.053386,0.0012760000000000063,-0.0009146666666666678,-0.0017586666666666723,True,True,True,True,0.814763,0.053028,0.81658,0.05211,0.812453,0.053386
Zenith,MerRec_Action,Checkout,sisa_native_strict,0.8503,0.852295,0.00199500000000008,0.847856,0.004757403913900919,0.843908,0.853138,0.00922999999999996,-0.004438999999999971,-0.0024439999999998907,False,False,False,False,0.0127,0.010226,-0.0024739999999999988,0.011200666666666666,0.0009258381788052021,0.010215,0.012052,0.001837,0.0009746666666666653,-0.0014993333333333334,False,True,False,True,0.853138,0.010215,0.846522,0.011335,0.843908,0.012052
Zenith,MerRec_Action,Like,sisa_native_strict,0.743,0.744505,0.0015049999999999786,0.7574299999999999,0.0023423874572751297,0.754835,0.759388,0.004552999999999918,0.012924999999999964,0.014429999999999943,True,True,True,True,0.3306,0.329855,-0.0007449999999999957,0.324594,0.00137300109249773,0.323222,0.325968,0.0027459999999999707,-0.005261000000000016,-0.006006000000000011,True,True,True,True,0.759388,0.323222,0.758067,0.324592,0.754835,0.325968
Zenith,MerRec_Action,Offer,sisa_native_strict,0.7712,0.773288,0.0020879999999999788,0.7689349999999999,0.005603127430283951,0.764756,0.775302,0.010546000000000055,-0.004353000000000051,-0.0022650000000000725,False,False,False,False,0.0221,0.022102,1.9999999999985307e-06,0.022235333333333333,0.000568790236671951,0.021595,0.022682,0.0010870000000000012,0.00013333333333333253,0.00013533333333333106,False,False,False,False,0.766747,0.022682,0.775302,0.021595,0.764756,0.022429
Zenith,MerRec_Action,Purchase,sisa_native_strict,0.8495,0.853223,0.003722999999999921,0.8480466666666667,0.006256819825864709,0.840841,0.852104,0.011263000000000023,-0.005176333333333227,-0.0014533333333333065,False,False,False,False,0.0086,0.006772,-0.0018279999999999998,0.007499666666666666,0.0006360914504482305,0.00688,0.008151,0.0012710000000000004,0.0007276666666666655,-0.0011003333333333342,False,True,False,True,0.852104,0.00688,0.851195,0.008151,0.840841,0.007468
Zenith,QK_Video_Action,click,sisa_native_strict,0.9334,0.933477,7.699999999999374e-05,0.9345093333333333,0.00021175772319643814,0.934288,0.93471,0.00042200000000003346,0.0010323333333333018,0.0011093333333332955,True,True,True,True,0.2521,0.252005,-9.500000000001174e-05,0.25013066666666667,0.0003349646747544189,0.249782,0.25045,0.0006680000000000019,-0.0018743333333333112,-0.001969333333333323,True,True,True,True,0.93471,0.249782,0.934288,0.25045,0.93453,0.25016
Zenith,QK_Video_Action,follow,sisa_native_strict,0.9222,0.922279,7.899999999994023e-05,0.922591,0.0007962242146531501,0.921674,0.923107,0.0014330000000000176,0.00031200000000009,0.0003910000000000302,True,True,False,False,0.005,0.005022,2.2000000000000318e-05,0.004972666666666667,2.8378395538390142e-05,0.004942,0.004998,5.5999999999999626e-05,-4.933333333333352e-05,-2.7333333333333203e-05,True,True,True,True,0.923107,0.004978,0.922992,0.004942,0.921674,0.004998
Zenith,QK_Video_Action,like,sisa_native_strict,0.948,0.947958,-4.199999999998649e-05,0.9479656666666667,0.0005869023200953603,0.947288,0.94831,0.0010219999999999674,7.666666666739097e-06,-3.4333333333247396e-05,True,False,False,False,0.0373,0.037439,0.00013900000000000023,0.03697433333333333,0.00012343959386409753,0.036833,0.037061,0.00022799999999999904,-0.0004646666666666688,-0.00032566666666666855,True,True,True,True,0.948299,0.037061,0.94831,0.036833,0.947288,0.037029
Zenith,QK_Video_Action,share,sisa_native_strict,0.9358,0.935961,0.00016100000000007775,0.9361396666666666,0.0007365082031677014,0.935292,0.936623,0.001330999999999971,0.0001786666666665493,0.00033966666666662704,True,True,False,False,0.0053,0.005276,-2.3999999999999716e-05,0.005298333333333333,3.089228598426055e-05,0.005265,0.005326,6.100000000000029e-05,2.233333333333254e-05,-1.666666666667177e-06,False,True,False,False,0.936504,0.005265,0.935292,0.005326,0.936623,0.005304
Zenith,TencentGR_10M_Action,is_click,sisa_expansion_acd,0.8236,0.819024,-0.0045760000000000245,0.8367796666666667,0.004275923564954533,0.831846,0.839413,0.00756699999999999,0.017755666666666725,0.0131796666666667,True,True,True,True,0.0583,0.059201,0.000900999999999999,0.057570666666666666,0.004710746154627026,0.054814,0.06301,0.008195999999999995,-0.0016303333333333309,-0.0007293333333333318,True,True,False,False,0.831846,0.054814,0.839413,0.054888,0.83908,0.06301
Zenith,TencentGR_10M_Action,is_conversion,sisa_expansion_acd,0.8627,0.859953,-0.002747000000000055,0.874902,0.011600371890590393,0.866268,0.888088,0.02181999999999995,0.01494899999999999,0.012201999999999935,True,True,True,True,0.0198,0.020371,0.0005709999999999986,0.020591333333333333,0.001558287628563267,0.018845,0.02184,0.0029949999999999977,0.0002203333333333328,0.0007913333333333314,False,False,False,False,0.866268,0.018845,0.888088,0.021089,0.87035,0.02184
