task_id,model,dataset,setting,seed,protocol,attempt,job_task_id,gpu_name,label,AUC,logloss
0,Zenith,MerRec_Action,sisa,20262028,ws2_bs16384_acc1,1,548166_0,NVIDIA H100 80GB HBM3,Cart,0.81658,0.05211
0,Zenith,MerRec_Action,sisa,20262028,ws2_bs16384_acc1,1,548166_0,NVIDIA H100 80GB HBM3,Checkout,0.846522,0.011335
0,Zenith,MerRec_Action,sisa,20262028,ws2_bs16384_acc1,1,548166_0,NVIDIA H100 80GB HBM3,Like,0.758067,0.324592
0,Zenith,MerRec_Action,sisa,20262028,ws2_bs16384_acc1,1,548166_0,NVIDIA H100 80GB HBM3,Offer,0.775302,0.021595
0,Zenith,MerRec_Action,sisa,20262028,ws2_bs16384_acc1,1,548166_0,NVIDIA H100 80GB HBM3,Purchase,0.851195,0.008151
1,HyFormer,MerRec_Action,sisa,20262028,ws2_bs16384_acc1,1,548166_1,NVIDIA H100 80GB HBM3,Cart,0.810189,0.052477
1,HyFormer,MerRec_Action,sisa,20262028,ws2_bs16384_acc1,1,548166_1,NVIDIA H100 80GB HBM3,Checkout,0.855579,0.004954
1,HyFormer,MerRec_Action,sisa,20262028,ws2_bs16384_acc1,1,548166_1,NVIDIA H100 80GB HBM3,Like,0.750689,0.331361
1,HyFormer,MerRec_Action,sisa,20262028,ws2_bs16384_acc1,1,548166_1,NVIDIA H100 80GB HBM3,Offer,0.731796,0.021512
1,HyFormer,MerRec_Action,sisa,20262028,ws2_bs16384_acc1,1,548166_1,NVIDIA H100 80GB HBM3,Purchase,0.856109,0.003084
2,HiFormer,MerRec_Action,sisa,20262028,ws2_bs16384_acc1,1,548166_2,NVIDIA H100 80GB HBM3,Cart,0.818659,0.051844
2,HiFormer,MerRec_Action,sisa,20262028,ws2_bs16384_acc1,1,548166_2,NVIDIA H100 80GB HBM3,Checkout,0.845414,0.009625
2,HiFormer,MerRec_Action,sisa,20262028,ws2_bs16384_acc1,1,548166_2,NVIDIA H100 80GB HBM3,Like,0.765716,0.323721
2,HiFormer,MerRec_Action,sisa,20262028,ws2_bs16384_acc1,1,548166_2,NVIDIA H100 80GB HBM3,Offer,0.769679,0.021428
2,HiFormer,MerRec_Action,sisa,20262028,ws2_bs16384_acc1,1,548166_2,NVIDIA H100 80GB HBM3,Purchase,0.846914,0.006044
3,RankMixer,MerRec_Action,sisa,20262028,ws2_bs16384_acc1,1,548166_3,NVIDIA H100 80GB HBM3,Cart,0.814349,0.052303
3,RankMixer,MerRec_Action,sisa,20262028,ws2_bs16384_acc1,1,548166_3,NVIDIA H100 80GB HBM3,Checkout,0.847677,0.00464
3,RankMixer,MerRec_Action,sisa,20262028,ws2_bs16384_acc1,1,548166_3,NVIDIA H100 80GB HBM3,Like,0.760581,0.323712
3,RankMixer,MerRec_Action,sisa,20262028,ws2_bs16384_acc1,1,548166_3,NVIDIA H100 80GB HBM3,Offer,0.734759,0.021394
3,RankMixer,MerRec_Action,sisa,20262028,ws2_bs16384_acc1,1,548166_3,NVIDIA H100 80GB HBM3,Purchase,0.853851,0.002998
4,Zenith,KuaiRand_Video_Action,sisa,20262028,ws2_bs16384_acc1,1,548166_4,NVIDIA H100 80GB HBM3,is_click,0.787549,0.536917
4,Zenith,KuaiRand_Video_Action,sisa,20262028,ws2_bs16384_acc1,1,548166_4,NVIDIA H100 80GB HBM3,is_comment,0.896437,0.014745
4,Zenith,KuaiRand_Video_Action,sisa,20262028,ws2_bs16384_acc1,1,548166_4,NVIDIA H100 80GB HBM3,is_follow,0.885366,0.006155
4,Zenith,KuaiRand_Video_Action,sisa,20262028,ws2_bs16384_acc1,1,548166_4,NVIDIA H100 80GB HBM3,is_forward,0.869064,0.005672
4,Zenith,KuaiRand_Video_Action,sisa,20262028,ws2_bs16384_acc1,1,548166_4,NVIDIA H100 80GB HBM3,is_like,0.925888,0.055153
4,Zenith,KuaiRand_Video_Action,sisa,20262028,ws2_bs16384_acc1,1,548166_4,NVIDIA H100 80GB HBM3,long_view,0.802694,0.457331
5,HyFormer,KuaiRand_Video_Action,sisa,20262028,ws2_bs16384_acc1,1,548166_5,NVIDIA H100 80GB HBM3,is_click,0.793189,0.532893
5,HyFormer,KuaiRand_Video_Action,sisa,20262028,ws2_bs16384_acc1,1,548166_5,NVIDIA H100 80GB HBM3,is_comment,0.893,0.015244
5,HyFormer,KuaiRand_Video_Action,sisa,20262028,ws2_bs16384_acc1,1,548166_5,NVIDIA H100 80GB HBM3,is_follow,0.885166,0.006285
5,HyFormer,KuaiRand_Video_Action,sisa,20262028,ws2_bs16384_acc1,1,548166_5,NVIDIA H100 80GB HBM3,is_forward,0.868786,0.005668
5,HyFormer,KuaiRand_Video_Action,sisa,20262028,ws2_bs16384_acc1,1,548166_5,NVIDIA H100 80GB HBM3,is_like,0.925453,0.056911
5,HyFormer,KuaiRand_Video_Action,sisa,20262028,ws2_bs16384_acc1,1,548166_5,NVIDIA H100 80GB HBM3,long_view,0.806051,0.446141
6,HiFormer,KuaiRand_Video_Action,sisa,20262028,ws2_bs16384_acc1,1,548166_6,NVIDIA H100 80GB HBM3,is_click,0.795981,0.524404
6,HiFormer,KuaiRand_Video_Action,sisa,20262028,ws2_bs16384_acc1,1,548166_6,NVIDIA H100 80GB HBM3,is_comment,0.898652,0.014701
6,HiFormer,KuaiRand_Video_Action,sisa,20262028,ws2_bs16384_acc1,1,548166_6,NVIDIA H100 80GB HBM3,is_follow,0.88538,0.006254
6,HiFormer,KuaiRand_Video_Action,sisa,20262028,ws2_bs16384_acc1,1,548166_6,NVIDIA H100 80GB HBM3,is_forward,0.868933,0.005698
6,HiFormer,KuaiRand_Video_Action,sisa,20262028,ws2_bs16384_acc1,1,548166_6,NVIDIA H100 80GB HBM3,is_like,0.929336,0.053535
6,HiFormer,KuaiRand_Video_Action,sisa,20262028,ws2_bs16384_acc1,1,548166_6,NVIDIA H100 80GB HBM3,long_view,0.809744,0.448796
7,RankMixer,KuaiRand_Video_Action,sisa,20262028,ws2_bs16384_acc1,1,548166_7,NVIDIA H100 80GB HBM3,is_click,0.794903,0.525134
7,RankMixer,KuaiRand_Video_Action,sisa,20262028,ws2_bs16384_acc1,1,548166_7,NVIDIA H100 80GB HBM3,is_comment,0.890161,0.014956
7,RankMixer,KuaiRand_Video_Action,sisa,20262028,ws2_bs16384_acc1,1,548166_7,NVIDIA H100 80GB HBM3,is_follow,0.87721,0.006344
7,RankMixer,KuaiRand_Video_Action,sisa,20262028,ws2_bs16384_acc1,1,548166_7,NVIDIA H100 80GB HBM3,is_forward,0.866626,0.005663
7,RankMixer,KuaiRand_Video_Action,sisa,20262028,ws2_bs16384_acc1,1,548166_7,NVIDIA H100 80GB HBM3,is_like,0.927295,0.053911
7,RankMixer,KuaiRand_Video_Action,sisa,20262028,ws2_bs16384_acc1,1,548166_7,NVIDIA H100 80GB HBM3,long_view,0.812814,0.44141
8,Zenith,QK_Video_Action,sisa,20262028,ws2_bs16384_acc1,1,548166_8,NVIDIA H100 80GB HBM3,click,0.934288,0.25045
8,Zenith,QK_Video_Action,sisa,20262028,ws2_bs16384_acc1,1,548166_8,NVIDIA H100 80GB HBM3,follow,0.922992,0.004942
8,Zenith,QK_Video_Action,sisa,20262028,ws2_bs16384_acc1,1,548166_8,NVIDIA H100 80GB HBM3,like,0.94831,0.036833
8,Zenith,QK_Video_Action,sisa,20262028,ws2_bs16384_acc1,1,548166_8,NVIDIA H100 80GB HBM3,share,0.935292,0.005326
9,HyFormer,QK_Video_Action,sisa,20262028,ws2_bs16384_acc1,1,548166_9,NVIDIA H100 80GB HBM3,click,0.934075,0.250842
9,HyFormer,QK_Video_Action,sisa,20262028,ws2_bs16384_acc1,1,548166_9,NVIDIA H100 80GB HBM3,follow,0.913611,0.005121
9,HyFormer,QK_Video_Action,sisa,20262028,ws2_bs16384_acc1,1,548166_9,NVIDIA H100 80GB HBM3,like,0.947015,0.037439
9,HyFormer,QK_Video_Action,sisa,20262028,ws2_bs16384_acc1,1,548166_9,NVIDIA H100 80GB HBM3,share,0.930531,0.005428
10,HiFormer,QK_Video_Action,sisa,20262028,ws2_bs16384_acc1,1,548166_10,NVIDIA H100 80GB HBM3,click,0.931291,0.255325
10,HiFormer,QK_Video_Action,sisa,20262028,ws2_bs16384_acc1,1,548166_10,NVIDIA H100 80GB HBM3,follow,0.913586,0.005112
10,HiFormer,QK_Video_Action,sisa,20262028,ws2_bs16384_acc1,1,548166_10,NVIDIA H100 80GB HBM3,like,0.945454,0.037497
10,HiFormer,QK_Video_Action,sisa,20262028,ws2_bs16384_acc1,1,548166_10,NVIDIA H100 80GB HBM3,share,0.933234,0.005447
11,RankMixer,QK_Video_Action,sisa,20262028,ws2_bs16384_acc1,1,548166_11,NVIDIA H100 80GB HBM3,click,0.932455,0.253516
11,RankMixer,QK_Video_Action,sisa,20262028,ws2_bs16384_acc1,1,548166_11,NVIDIA H100 80GB HBM3,follow,0.912944,0.005261
11,RankMixer,QK_Video_Action,sisa,20262028,ws2_bs16384_acc1,1,548166_11,NVIDIA H100 80GB HBM3,like,0.943098,0.038666
11,RankMixer,QK_Video_Action,sisa,20262028,ws2_bs16384_acc1,1,548166_11,NVIDIA H100 80GB HBM3,share,0.927964,0.005594
12,Zenith,TencentGR_10M_Action,sisa,20262028,ws2_bs16384_acc1,1,548166_12,NVIDIA H100 80GB HBM3,is_click,0.839413,0.054888
12,Zenith,TencentGR_10M_Action,sisa,20262028,ws2_bs16384_acc1,1,548166_12,NVIDIA H100 80GB HBM3,is_conversion,0.888088,0.021089
13,HyFormer,TencentGR_10M_Action,sisa,20262028,ws2_bs16384_acc1,1,548166_13,NVIDIA H100 80GB HBM3,is_click,0.85179,0.047312
13,HyFormer,TencentGR_10M_Action,sisa,20262028,ws2_bs16384_acc1,1,548166_13,NVIDIA H100 80GB HBM3,is_conversion,0.897097,0.017701
14,HiFormer,TencentGR_10M_Action,sisa,20262028,ws2_bs16384_acc1,1,548166_14,NVIDIA H100 80GB HBM3,is_click,0.851302,0.04341
14,HiFormer,TencentGR_10M_Action,sisa,20262028,ws2_bs16384_acc1,1,548166_14,NVIDIA H100 80GB HBM3,is_conversion,0.890414,0.01718
15,RankMixer,TencentGR_10M_Action,sisa,20262028,ws2_bs16384_acc1,1,548166_15,NVIDIA H100 80GB HBM3,is_click,0.821511,0.066827
15,RankMixer,TencentGR_10M_Action,sisa,20262028,ws2_bs16384_acc1,1,548166_15,NVIDIA H100 80GB HBM3,is_conversion,0.874172,0.026967
