task_id,model,dataset,setting,gpu_type,job_task_id,label,logloss,AUC
0,OneTrans,QK_Video_Action,baseline,rtx4090,14810_0,click,0.248535,0.935674
0,OneTrans,QK_Video_Action,baseline,rtx4090,14810_0,follow,0.005088,0.917042
0,OneTrans,QK_Video_Action,baseline,rtx4090,14810_0,like,0.036389,0.948348
0,OneTrans,QK_Video_Action,baseline,rtx4090,14810_0,share,0.005297,0.933407
1,OneTrans,QK_Video_Action,sisa,rtx4090,14810_1,click,0.247955,0.935902
1,OneTrans,QK_Video_Action,sisa,rtx4090,14810_1,follow,0.005097,0.918218
1,OneTrans,QK_Video_Action,sisa,rtx4090,14810_1,like,0.036164,0.948861
1,OneTrans,QK_Video_Action,sisa,rtx4090,14810_1,share,0.00532,0.933237
2,OneTrans,KuaiRand_Video_Action,baseline,l40s,14811_2,is_click,0.566734,0.772234
2,OneTrans,KuaiRand_Video_Action,baseline,l40s,14811_2,is_follow,0.006201,0.88308
2,OneTrans,KuaiRand_Video_Action,baseline,l40s,14811_2,is_like,0.055033,0.923693
2,OneTrans,KuaiRand_Video_Action,baseline,l40s,14811_2,is_comment,0.01477,0.896976
2,OneTrans,KuaiRand_Video_Action,baseline,l40s,14811_2,is_forward,0.005742,0.872306
2,OneTrans,KuaiRand_Video_Action,baseline,l40s,14811_2,long_view,0.469541,0.795764
3,OneTrans,KuaiRand_Video_Action,sisa,l40s,14811_3,is_click,0.538148,0.791105
3,OneTrans,KuaiRand_Video_Action,sisa,l40s,14811_3,is_follow,0.006128,0.88643
3,OneTrans,KuaiRand_Video_Action,sisa,l40s,14811_3,is_like,0.053581,0.928058
3,OneTrans,KuaiRand_Video_Action,sisa,l40s,14811_3,is_comment,0.014797,0.896294
3,OneTrans,KuaiRand_Video_Action,sisa,l40s,14811_3,is_forward,0.005611,0.877678
3,OneTrans,KuaiRand_Video_Action,sisa,l40s,14811_3,long_view,0.44734,0.810629
4,OneTrans,Taobao_Action,baseline,rtx4090,14806_4,is_click,0.18751,0.629803
4,OneTrans,Taobao_Action,baseline,rtx4090,14806_4,cart,0.020009,0.742172
4,OneTrans,Taobao_Action,baseline,rtx4090,14806_4,fav,0.014892,0.780022
4,OneTrans,Taobao_Action,baseline,rtx4090,14806_4,buy,0.007003,0.76793
5,OneTrans,Taobao_Action,sisa,rtx4090,14810_5,is_click,0.187945,0.633518
5,OneTrans,Taobao_Action,sisa,rtx4090,14810_5,cart,0.01992,0.741239
5,OneTrans,Taobao_Action,sisa,rtx4090,14810_5,fav,0.015006,0.776298
5,OneTrans,Taobao_Action,sisa,rtx4090,14810_5,buy,0.00705,0.753688
6,OneTrans,MerRec_Action,baseline,l40s,14811_6,Like,0.325279,0.755615
6,OneTrans,MerRec_Action,baseline,l40s,14811_6,Cart,0.05446,0.789147
6,OneTrans,MerRec_Action,baseline,l40s,14811_6,Offer,0.021467,0.764039
6,OneTrans,MerRec_Action,baseline,l40s,14811_6,Checkout,0.006042,0.86632
6,OneTrans,MerRec_Action,baseline,l40s,14811_6,Purchase,0.003837,0.868531
7,OneTrans,MerRec_Action,sisa,l40s,14811_7,Like,0.319739,0.765848
7,OneTrans,MerRec_Action,sisa,l40s,14811_7,Cart,0.051998,0.820006
7,OneTrans,MerRec_Action,sisa,l40s,14811_7,Offer,0.02119,0.75772
7,OneTrans,MerRec_Action,sisa,l40s,14811_7,Checkout,0.005122,0.872093
7,OneTrans,MerRec_Action,sisa,l40s,14811_7,Purchase,0.003222,0.873708
8,HiFormer,QK_Video_Action,baseline,l40s,14811_8,click,0.253972,0.932306
8,HiFormer,QK_Video_Action,baseline,l40s,14811_8,follow,0.004997,0.919914
8,HiFormer,QK_Video_Action,baseline,l40s,14811_8,like,0.037272,0.946691
8,HiFormer,QK_Video_Action,baseline,l40s,14811_8,share,0.005301,0.933742
9,HiFormer,QK_Video_Action,sisa,l40s,14811_9,click,0.25365,0.932526
9,HiFormer,QK_Video_Action,sisa,l40s,14811_9,follow,0.005111,0.913924
9,HiFormer,QK_Video_Action,sisa,l40s,14811_9,like,0.037298,0.945462
9,HiFormer,QK_Video_Action,sisa,l40s,14811_9,share,0.005366,0.93234
10,HiFormer,KuaiRand_Video_Action,baseline,l40s,14850_10,is_click,0.541932,0.777662
10,HiFormer,KuaiRand_Video_Action,baseline,l40s,14850_10,is_follow,0.006364,0.879913
10,HiFormer,KuaiRand_Video_Action,baseline,l40s,14850_10,is_like,0.053637,0.928496
10,HiFormer,KuaiRand_Video_Action,baseline,l40s,14850_10,is_comment,0.014709,0.898789
10,HiFormer,KuaiRand_Video_Action,baseline,l40s,14850_10,is_forward,0.005684,0.87092
10,HiFormer,KuaiRand_Video_Action,baseline,l40s,14850_10,long_view,0.460971,0.79511
11,HiFormer,KuaiRand_Video_Action,sisa,l40s,14850_11,is_click,0.521549,0.797238
11,HiFormer,KuaiRand_Video_Action,sisa,l40s,14850_11,is_follow,0.00618,0.881796
11,HiFormer,KuaiRand_Video_Action,sisa,l40s,14850_11,is_like,0.054294,0.925869
11,HiFormer,KuaiRand_Video_Action,sisa,l40s,14850_11,is_comment,0.014806,0.895209
11,HiFormer,KuaiRand_Video_Action,sisa,l40s,14850_11,is_forward,0.005692,0.86945
11,HiFormer,KuaiRand_Video_Action,sisa,l40s,14850_11,long_view,0.461809,0.803433
12,HiFormer,Taobao_Action,baseline,l40s,14811_12,is_click,0.186264,0.645062
12,HiFormer,Taobao_Action,baseline,l40s,14811_12,cart,0.018146,0.82583
12,HiFormer,Taobao_Action,baseline,l40s,14811_12,fav,0.013816,0.853523
12,HiFormer,Taobao_Action,baseline,l40s,14811_12,buy,0.006887,0.847202
13,HiFormer,Taobao_Action,sisa,l40s,14811_13,is_click,0.187433,0.624768
13,HiFormer,Taobao_Action,sisa,l40s,14811_13,cart,0.018067,0.813815
13,HiFormer,Taobao_Action,sisa,l40s,14811_13,fav,0.014294,0.825288
13,HiFormer,Taobao_Action,sisa,l40s,14811_13,buy,0.006962,0.807079
14,HiFormer,MerRec_Action,baseline,rtx4090,14810_14,Like,0.328501,0.74961
14,HiFormer,MerRec_Action,baseline,rtx4090,14810_14,Cart,0.053089,0.810019
14,HiFormer,MerRec_Action,baseline,rtx4090,14810_14,Offer,0.023378,0.775777
14,HiFormer,MerRec_Action,baseline,rtx4090,14810_14,Checkout,0.012448,0.834515
14,HiFormer,MerRec_Action,baseline,rtx4090,14810_14,Purchase,0.008751,0.835563
15,HiFormer,MerRec_Action,sisa,rtx4090,14810_15,Like,0.3216,0.764396
15,HiFormer,MerRec_Action,sisa,rtx4090,14810_15,Cart,0.052204,0.813548
15,HiFormer,MerRec_Action,sisa,rtx4090,14810_15,Offer,0.023437,0.761824
15,HiFormer,MerRec_Action,sisa,rtx4090,14810_15,Checkout,0.011611,0.838614
15,HiFormer,MerRec_Action,sisa,rtx4090,14810_15,Purchase,0.008159,0.83307
16,RankMixer,QK_Video_Action,baseline,rtx4090,14810_16,click,0.254815,0.931713
16,RankMixer,QK_Video_Action,baseline,rtx4090,14810_16,follow,0.005177,0.910614
16,RankMixer,QK_Video_Action,baseline,rtx4090,14810_16,like,0.037417,0.944118
16,RankMixer,QK_Video_Action,baseline,rtx4090,14810_16,share,0.005411,0.929184
17,RankMixer,QK_Video_Action,sisa,rtx4090,14810_17,click,0.252233,0.9333
17,RankMixer,QK_Video_Action,sisa,rtx4090,14810_17,follow,0.005163,0.911848
17,RankMixer,QK_Video_Action,sisa,rtx4090,14810_17,like,0.036966,0.945435
17,RankMixer,QK_Video_Action,sisa,rtx4090,14810_17,share,0.005404,0.929971
18,RankMixer,KuaiRand_Video_Action,baseline,l40s,14811_18,is_click,0.541045,0.780693
18,RankMixer,KuaiRand_Video_Action,baseline,l40s,14811_18,is_follow,0.006422,0.873795
18,RankMixer,KuaiRand_Video_Action,baseline,l40s,14811_18,is_like,0.055584,0.923963
18,RankMixer,KuaiRand_Video_Action,baseline,l40s,14811_18,is_comment,0.015211,0.884469
18,RankMixer,KuaiRand_Video_Action,baseline,l40s,14811_18,is_forward,0.005811,0.851098
18,RankMixer,KuaiRand_Video_Action,baseline,l40s,14811_18,long_view,0.453588,0.800238
19,RankMixer,KuaiRand_Video_Action,sisa,l40s,14811_19,is_click,0.525008,0.794759
19,RankMixer,KuaiRand_Video_Action,sisa,l40s,14811_19,is_follow,0.006296,0.880471
19,RankMixer,KuaiRand_Video_Action,sisa,l40s,14811_19,is_like,0.053812,0.927324
19,RankMixer,KuaiRand_Video_Action,sisa,l40s,14811_19,is_comment,0.014913,0.891848
19,RankMixer,KuaiRand_Video_Action,sisa,l40s,14811_19,is_forward,0.005742,0.860017
19,RankMixer,KuaiRand_Video_Action,sisa,l40s,14811_19,long_view,0.44283,0.81142
20,RankMixer,Taobao_Action,baseline,rtx4090,14810_20,is_click,0.188673,0.604445
20,RankMixer,Taobao_Action,baseline,rtx4090,14810_20,cart,0.020714,0.675781
20,RankMixer,Taobao_Action,baseline,rtx4090,14810_20,fav,0.015512,0.721372
20,RankMixer,Taobao_Action,baseline,rtx4090,14810_20,buy,0.007292,0.683724
21,RankMixer,Taobao_Action,sisa,rtx4090,14810_21,is_click,0.188708,0.604271
21,RankMixer,Taobao_Action,sisa,rtx4090,14810_21,cart,0.020731,0.675196
21,RankMixer,Taobao_Action,sisa,rtx4090,14810_21,fav,0.015515,0.72074
21,RankMixer,Taobao_Action,sisa,rtx4090,14810_21,buy,0.007303,0.682729
22,RankMixer,MerRec_Action,baseline,l40s,14811_22,Like,0.331885,0.744913
22,RankMixer,MerRec_Action,baseline,l40s,14811_22,Cart,0.053894,0.792999
22,RankMixer,MerRec_Action,baseline,l40s,14811_22,Offer,0.021398,0.728575
22,RankMixer,MerRec_Action,baseline,l40s,14811_22,Checkout,0.004732,0.836097
22,RankMixer,MerRec_Action,baseline,l40s,14811_22,Purchase,0.00305,0.840563
23,RankMixer,MerRec_Action,sisa,l40s,14811_23,Like,0.322562,0.759983
23,RankMixer,MerRec_Action,sisa,l40s,14811_23,Cart,0.05233,0.81089
23,RankMixer,MerRec_Action,sisa,l40s,14811_23,Offer,0.02141,0.732952
23,RankMixer,MerRec_Action,sisa,l40s,14811_23,Checkout,0.004693,0.83858
23,RankMixer,MerRec_Action,sisa,l40s,14811_23,Purchase,0.003033,0.838274
24,Zenith,QK_Video_Action,baseline,l40s,14811_24,click,0.252005,0.933477
24,Zenith,QK_Video_Action,baseline,l40s,14811_24,follow,0.005022,0.922279
24,Zenith,QK_Video_Action,baseline,l40s,14811_24,like,0.037439,0.947958
24,Zenith,QK_Video_Action,baseline,l40s,14811_24,share,0.005276,0.935961
25,Zenith,QK_Video_Action,sisa,l40s,14811_25,click,0.249782,0.93471
25,Zenith,QK_Video_Action,sisa,l40s,14811_25,follow,0.004978,0.923107
25,Zenith,QK_Video_Action,sisa,l40s,14811_25,like,0.037061,0.948299
25,Zenith,QK_Video_Action,sisa,l40s,14811_25,share,0.005265,0.936504
26,Zenith,KuaiRand_Video_Action,baseline,l40s,14854_26,is_click,0.538991,0.781888
26,Zenith,KuaiRand_Video_Action,baseline,l40s,14854_26,is_follow,0.006761,0.881683
26,Zenith,KuaiRand_Video_Action,baseline,l40s,14854_26,is_like,0.054321,0.928141
26,Zenith,KuaiRand_Video_Action,baseline,l40s,14854_26,is_comment,0.014788,0.897885
26,Zenith,KuaiRand_Video_Action,baseline,l40s,14854_26,is_forward,0.005649,0.871088
26,Zenith,KuaiRand_Video_Action,baseline,l40s,14854_26,long_view,0.459923,0.79729
27,Zenith,KuaiRand_Video_Action,sisa,l40s,14854_27,is_click,0.527799,0.792759
27,Zenith,KuaiRand_Video_Action,sisa,l40s,14854_27,is_follow,0.006251,0.890208
27,Zenith,KuaiRand_Video_Action,sisa,l40s,14854_27,is_like,0.053227,0.930466
27,Zenith,KuaiRand_Video_Action,sisa,l40s,14854_27,is_comment,0.014609,0.901214
27,Zenith,KuaiRand_Video_Action,sisa,l40s,14854_27,is_forward,0.005596,0.873619
27,Zenith,KuaiRand_Video_Action,sisa,l40s,14854_27,long_view,0.445069,0.810109
28,Zenith,Taobao_Action,baseline,l40s,14811_28,is_click,0.187359,0.622431
28,Zenith,Taobao_Action,baseline,l40s,14811_28,cart,0.019201,0.78248
28,Zenith,Taobao_Action,baseline,l40s,14811_28,fav,0.014666,0.799847
28,Zenith,Taobao_Action,baseline,l40s,14811_28,buy,0.006853,0.792465
29,Zenith,Taobao_Action,sisa,l40s,14811_29,is_click,0.187583,0.619763
29,Zenith,Taobao_Action,sisa,l40s,14811_29,cart,0.019057,0.785999
29,Zenith,Taobao_Action,sisa,l40s,14811_29,fav,0.014559,0.805541
29,Zenith,Taobao_Action,sisa,l40s,14811_29,buy,0.006768,0.798329
30,Zenith,MerRec_Action,baseline,l40s,14843_30,Like,0.329855,0.744505
30,Zenith,MerRec_Action,baseline,l40s,14843_30,Cart,0.053756,0.806908
30,Zenith,MerRec_Action,baseline,l40s,14843_30,Offer,0.022102,0.773288
30,Zenith,MerRec_Action,baseline,l40s,14843_30,Checkout,0.010226,0.852295
30,Zenith,MerRec_Action,baseline,l40s,14843_30,Purchase,0.006772,0.853223
31,Zenith,MerRec_Action,sisa,l40s,14846_31,Like,0.323222,0.759388
31,Zenith,MerRec_Action,sisa,l40s,14846_31,Cart,0.053028,0.814763
31,Zenith,MerRec_Action,sisa,l40s,14846_31,Offer,0.022682,0.766747
31,Zenith,MerRec_Action,sisa,l40s,14846_31,Checkout,0.010215,0.853138
31,Zenith,MerRec_Action,sisa,l40s,14846_31,Purchase,0.00688,0.852104
