task_id,model,dataset,setting,gpu_type,job_task_id,state,exit_code,status_evidence,protocol_valid,completion_marker,finite_metrics,error_count,complete,slurm_log,checkpoint_log,metrics_json
0,OneTrans,QK_Video_Action,baseline,rtx4090,14810_0,COMPLETED_MARKER,0:0 (success marker),success_marker,True,True,True,0,True,logs/unirank-sisa-strict-14810_0.out,checkpoints/QK_Video_Action/SISA_strict_OneTrans_QK_Video_Action_baseline_seed20262027.log,"{""click"": {""AUC"": 0.935674, ""logloss"": 0.248535}, ""follow"": {""AUC"": 0.917042, ""logloss"": 0.005088}, ""like"": {""AUC"": 0.948348, ""logloss"": 0.036389}, ""share"": {""AUC"": 0.933407, ""logloss"": 0.005297}}"
1,OneTrans,QK_Video_Action,sisa,rtx4090,14810_1,COMPLETED_MARKER,0:0 (success marker),success_marker,True,True,True,0,True,logs/unirank-sisa-strict-14810_1.out,checkpoints/QK_Video_Action/SISA_strict_OneTrans_QK_Video_Action_sisa_seed20262027.log,"{""click"": {""AUC"": 0.935902, ""logloss"": 0.247955}, ""follow"": {""AUC"": 0.918218, ""logloss"": 0.005097}, ""like"": {""AUC"": 0.948861, ""logloss"": 0.036164}, ""share"": {""AUC"": 0.933237, ""logloss"": 0.00532}}"
2,OneTrans,KuaiRand_Video_Action,baseline,l40s,14811_2,COMPLETED_MARKER,0:0 (success marker),success_marker,True,True,True,0,True,logs/unirank-sisa-strict-14811_2.out,checkpoints/KuaiRand_Video_Action/SISA_strict_OneTrans_KuaiRand_Video_Action_baseline_seed20262027.log,"{""is_click"": {""AUC"": 0.772234, ""logloss"": 0.566734}, ""is_comment"": {""AUC"": 0.896976, ""logloss"": 0.01477}, ""is_follow"": {""AUC"": 0.88308, ""logloss"": 0.006201}, ""is_forward"": {""AUC"": 0.872306, ""logloss"": 0.005742}, ""is_like"": {""AUC"": 0.923693, ""logloss"": 0.055033}, ""long_view"": {""AUC"": 0.795764, ""logloss"": 0.469541}}"
3,OneTrans,KuaiRand_Video_Action,sisa,l40s,14811_3,COMPLETED_MARKER,0:0 (success marker),success_marker,True,True,True,0,True,logs/unirank-sisa-strict-14811_3.out,checkpoints/KuaiRand_Video_Action/SISA_strict_OneTrans_KuaiRand_Video_Action_sisa_seed20262027.log,"{""is_click"": {""AUC"": 0.791105, ""logloss"": 0.538148}, ""is_comment"": {""AUC"": 0.896294, ""logloss"": 0.014797}, ""is_follow"": {""AUC"": 0.88643, ""logloss"": 0.006128}, ""is_forward"": {""AUC"": 0.877678, ""logloss"": 0.005611}, ""is_like"": {""AUC"": 0.928058, ""logloss"": 0.053581}, ""long_view"": {""AUC"": 0.810629, ""logloss"": 0.44734}}"
4,OneTrans,Taobao_Action,baseline,rtx4090,14806_4,COMPLETED_MARKER,0:0 (success marker),success_marker,True,True,True,0,True,logs/unirank-sisa-strict-14806_4.out,checkpoints/Taobao_Action/SISA_strict_OneTrans_Taobao_Action_baseline_seed20262027.log,"{""buy"": {""AUC"": 0.76793, ""logloss"": 0.007003}, ""cart"": {""AUC"": 0.742172, ""logloss"": 0.020009}, ""fav"": {""AUC"": 0.780022, ""logloss"": 0.014892}, ""is_click"": {""AUC"": 0.629803, ""logloss"": 0.18751}}"
5,OneTrans,Taobao_Action,sisa,rtx4090,14810_5,COMPLETED_MARKER,0:0 (success marker),success_marker,True,True,True,0,True,logs/unirank-sisa-strict-14810_5.out,checkpoints/Taobao_Action/SISA_strict_OneTrans_Taobao_Action_sisa_seed20262027.log,"{""buy"": {""AUC"": 0.753688, ""logloss"": 0.00705}, ""cart"": {""AUC"": 0.741239, ""logloss"": 0.01992}, ""fav"": {""AUC"": 0.776298, ""logloss"": 0.015006}, ""is_click"": {""AUC"": 0.633518, ""logloss"": 0.187945}}"
6,OneTrans,MerRec_Action,baseline,l40s,14811_6,COMPLETED_MARKER,0:0 (success marker),success_marker,True,True,True,0,True,logs/unirank-sisa-strict-14811_6.out,checkpoints/MerRec_Action/SISA_strict_OneTrans_MerRec_Action_baseline_seed20262027.log,"{""Cart"": {""AUC"": 0.789147, ""logloss"": 0.05446}, ""Checkout"": {""AUC"": 0.86632, ""logloss"": 0.006042}, ""Like"": {""AUC"": 0.755615, ""logloss"": 0.325279}, ""Offer"": {""AUC"": 0.764039, ""logloss"": 0.021467}, ""Purchase"": {""AUC"": 0.868531, ""logloss"": 0.003837}}"
7,OneTrans,MerRec_Action,sisa,l40s,14811_7,COMPLETED_MARKER,0:0 (success marker),success_marker,True,True,True,0,True,logs/unirank-sisa-strict-14811_7.out,checkpoints/MerRec_Action/SISA_strict_OneTrans_MerRec_Action_sisa_seed20262027.log,"{""Cart"": {""AUC"": 0.820006, ""logloss"": 0.051998}, ""Checkout"": {""AUC"": 0.872093, ""logloss"": 0.005122}, ""Like"": {""AUC"": 0.765848, ""logloss"": 0.319739}, ""Offer"": {""AUC"": 0.75772, ""logloss"": 0.02119}, ""Purchase"": {""AUC"": 0.873708, ""logloss"": 0.003222}}"
8,HiFormer,QK_Video_Action,baseline,l40s,14811_8,COMPLETED_MARKER,0:0 (success marker),success_marker,True,True,True,0,True,logs/unirank-sisa-strict-14811_8.out,checkpoints/QK_Video_Action/SISA_strict_HiFormer_QK_Video_Action_baseline_seed20262027.log,"{""click"": {""AUC"": 0.932306, ""logloss"": 0.253972}, ""follow"": {""AUC"": 0.919914, ""logloss"": 0.004997}, ""like"": {""AUC"": 0.946691, ""logloss"": 0.037272}, ""share"": {""AUC"": 0.933742, ""logloss"": 0.005301}}"
9,HiFormer,QK_Video_Action,sisa,l40s,14811_9,COMPLETED_MARKER,0:0 (success marker),success_marker,True,True,True,0,True,logs/unirank-sisa-strict-14811_9.out,checkpoints/QK_Video_Action/SISA_strict_HiFormer_QK_Video_Action_sisa_seed20262027.log,"{""click"": {""AUC"": 0.932526, ""logloss"": 0.25365}, ""follow"": {""AUC"": 0.913924, ""logloss"": 0.005111}, ""like"": {""AUC"": 0.945462, ""logloss"": 0.037298}, ""share"": {""AUC"": 0.93234, ""logloss"": 0.005366}}"
10,HiFormer,KuaiRand_Video_Action,baseline,l40s,14850_10,COMPLETED_MARKER,0:0 (success marker),success_marker,True,True,True,0,True,logs/unirank-sisa-strict-14850_10.out,checkpoints/KuaiRand_Video_Action/SISA_strict_HiFormer_KuaiRand_Video_Action_baseline_seed20262027.log,"{""is_click"": {""AUC"": 0.777662, ""logloss"": 0.541932}, ""is_comment"": {""AUC"": 0.898789, ""logloss"": 0.014709}, ""is_follow"": {""AUC"": 0.879913, ""logloss"": 0.006364}, ""is_forward"": {""AUC"": 0.87092, ""logloss"": 0.005684}, ""is_like"": {""AUC"": 0.928496, ""logloss"": 0.053637}, ""long_view"": {""AUC"": 0.79511, ""logloss"": 0.460971}}"
11,HiFormer,KuaiRand_Video_Action,sisa,l40s,14850_11,COMPLETED_MARKER,0:0 (success marker),success_marker,True,True,True,0,True,logs/unirank-sisa-strict-14850_11.out,checkpoints/KuaiRand_Video_Action/SISA_strict_HiFormer_KuaiRand_Video_Action_sisa_seed20262027.log,"{""is_click"": {""AUC"": 0.797238, ""logloss"": 0.521549}, ""is_comment"": {""AUC"": 0.895209, ""logloss"": 0.014806}, ""is_follow"": {""AUC"": 0.881796, ""logloss"": 0.00618}, ""is_forward"": {""AUC"": 0.86945, ""logloss"": 0.005692}, ""is_like"": {""AUC"": 0.925869, ""logloss"": 0.054294}, ""long_view"": {""AUC"": 0.803433, ""logloss"": 0.461809}}"
12,HiFormer,Taobao_Action,baseline,l40s,14811_12,COMPLETED_MARKER,0:0 (success marker),success_marker,True,True,True,0,True,logs/unirank-sisa-strict-14811_12.out,checkpoints/Taobao_Action/SISA_strict_HiFormer_Taobao_Action_baseline_seed20262027.log,"{""buy"": {""AUC"": 0.847202, ""logloss"": 0.006887}, ""cart"": {""AUC"": 0.82583, ""logloss"": 0.018146}, ""fav"": {""AUC"": 0.853523, ""logloss"": 0.013816}, ""is_click"": {""AUC"": 0.645062, ""logloss"": 0.186264}}"
13,HiFormer,Taobao_Action,sisa,l40s,14811_13,COMPLETED_MARKER,0:0 (success marker),success_marker,True,True,True,0,True,logs/unirank-sisa-strict-14811_13.out,checkpoints/Taobao_Action/SISA_strict_HiFormer_Taobao_Action_sisa_seed20262027.log,"{""buy"": {""AUC"": 0.807079, ""logloss"": 0.006962}, ""cart"": {""AUC"": 0.813815, ""logloss"": 0.018067}, ""fav"": {""AUC"": 0.825288, ""logloss"": 0.014294}, ""is_click"": {""AUC"": 0.624768, ""logloss"": 0.187433}}"
14,HiFormer,MerRec_Action,baseline,rtx4090,14810_14,COMPLETED_MARKER,0:0 (success marker),success_marker,True,True,True,0,True,logs/unirank-sisa-strict-14810_14.out,checkpoints/MerRec_Action/SISA_strict_HiFormer_MerRec_Action_baseline_seed20262027.log,"{""Cart"": {""AUC"": 0.810019, ""logloss"": 0.053089}, ""Checkout"": {""AUC"": 0.834515, ""logloss"": 0.012448}, ""Like"": {""AUC"": 0.74961, ""logloss"": 0.328501}, ""Offer"": {""AUC"": 0.775777, ""logloss"": 0.023378}, ""Purchase"": {""AUC"": 0.835563, ""logloss"": 0.008751}}"
15,HiFormer,MerRec_Action,sisa,rtx4090,14810_15,COMPLETED_MARKER,0:0 (success marker),success_marker,True,True,True,0,True,logs/unirank-sisa-strict-14810_15.out,checkpoints/MerRec_Action/SISA_strict_HiFormer_MerRec_Action_sisa_seed20262027.log,"{""Cart"": {""AUC"": 0.813548, ""logloss"": 0.052204}, ""Checkout"": {""AUC"": 0.838614, ""logloss"": 0.011611}, ""Like"": {""AUC"": 0.764396, ""logloss"": 0.3216}, ""Offer"": {""AUC"": 0.761824, ""logloss"": 0.023437}, ""Purchase"": {""AUC"": 0.83307, ""logloss"": 0.008159}}"
16,RankMixer,QK_Video_Action,baseline,rtx4090,14810_16,COMPLETED_MARKER,0:0 (success marker),success_marker,True,True,True,0,True,logs/unirank-sisa-strict-14810_16.out,checkpoints/QK_Video_Action/SISA_strict_RankMixer_QK_Video_Action_baseline_seed20262027.log,"{""click"": {""AUC"": 0.931713, ""logloss"": 0.254815}, ""follow"": {""AUC"": 0.910614, ""logloss"": 0.005177}, ""like"": {""AUC"": 0.944118, ""logloss"": 0.037417}, ""share"": {""AUC"": 0.929184, ""logloss"": 0.005411}}"
17,RankMixer,QK_Video_Action,sisa,rtx4090,14810_17,COMPLETED_MARKER,0:0 (success marker),success_marker,True,True,True,0,True,logs/unirank-sisa-strict-14810_17.out,checkpoints/QK_Video_Action/SISA_strict_RankMixer_QK_Video_Action_sisa_seed20262027.log,"{""click"": {""AUC"": 0.9333, ""logloss"": 0.252233}, ""follow"": {""AUC"": 0.911848, ""logloss"": 0.005163}, ""like"": {""AUC"": 0.945435, ""logloss"": 0.036966}, ""share"": {""AUC"": 0.929971, ""logloss"": 0.005404}}"
18,RankMixer,KuaiRand_Video_Action,baseline,l40s,14811_18,COMPLETED_MARKER,0:0 (success marker),success_marker,True,True,True,0,True,logs/unirank-sisa-strict-14811_18.out,checkpoints/KuaiRand_Video_Action/SISA_strict_RankMixer_KuaiRand_Video_Action_baseline_seed20262027.log,"{""is_click"": {""AUC"": 0.780693, ""logloss"": 0.541045}, ""is_comment"": {""AUC"": 0.884469, ""logloss"": 0.015211}, ""is_follow"": {""AUC"": 0.873795, ""logloss"": 0.006422}, ""is_forward"": {""AUC"": 0.851098, ""logloss"": 0.005811}, ""is_like"": {""AUC"": 0.923963, ""logloss"": 0.055584}, ""long_view"": {""AUC"": 0.800238, ""logloss"": 0.453588}}"
19,RankMixer,KuaiRand_Video_Action,sisa,l40s,14811_19,COMPLETED_MARKER,0:0 (success marker),success_marker,True,True,True,0,True,logs/unirank-sisa-strict-14811_19.out,checkpoints/KuaiRand_Video_Action/SISA_strict_RankMixer_KuaiRand_Video_Action_sisa_seed20262027.log,"{""is_click"": {""AUC"": 0.794759, ""logloss"": 0.525008}, ""is_comment"": {""AUC"": 0.891848, ""logloss"": 0.014913}, ""is_follow"": {""AUC"": 0.880471, ""logloss"": 0.006296}, ""is_forward"": {""AUC"": 0.860017, ""logloss"": 0.005742}, ""is_like"": {""AUC"": 0.927324, ""logloss"": 0.053812}, ""long_view"": {""AUC"": 0.81142, ""logloss"": 0.44283}}"
20,RankMixer,Taobao_Action,baseline,rtx4090,14810_20,COMPLETED_MARKER,0:0 (success marker),success_marker,True,True,True,0,True,logs/unirank-sisa-strict-14810_20.out,checkpoints/Taobao_Action/SISA_strict_RankMixer_Taobao_Action_baseline_seed20262027.log,"{""buy"": {""AUC"": 0.683724, ""logloss"": 0.007292}, ""cart"": {""AUC"": 0.675781, ""logloss"": 0.020714}, ""fav"": {""AUC"": 0.721372, ""logloss"": 0.015512}, ""is_click"": {""AUC"": 0.604445, ""logloss"": 0.188673}}"
21,RankMixer,Taobao_Action,sisa,rtx4090,14810_21,COMPLETED_MARKER,0:0 (success marker),success_marker,True,True,True,0,True,logs/unirank-sisa-strict-14810_21.out,checkpoints/Taobao_Action/SISA_strict_RankMixer_Taobao_Action_sisa_seed20262027.log,"{""buy"": {""AUC"": 0.682729, ""logloss"": 0.007303}, ""cart"": {""AUC"": 0.675196, ""logloss"": 0.020731}, ""fav"": {""AUC"": 0.72074, ""logloss"": 0.015515}, ""is_click"": {""AUC"": 0.604271, ""logloss"": 0.188708}}"
22,RankMixer,MerRec_Action,baseline,l40s,14811_22,COMPLETED_MARKER,0:0 (success marker),success_marker,True,True,True,0,True,logs/unirank-sisa-strict-14811_22.out,checkpoints/MerRec_Action/SISA_strict_RankMixer_MerRec_Action_baseline_seed20262027.log,"{""Cart"": {""AUC"": 0.792999, ""logloss"": 0.053894}, ""Checkout"": {""AUC"": 0.836097, ""logloss"": 0.004732}, ""Like"": {""AUC"": 0.744913, ""logloss"": 0.331885}, ""Offer"": {""AUC"": 0.728575, ""logloss"": 0.021398}, ""Purchase"": {""AUC"": 0.840563, ""logloss"": 0.00305}}"
23,RankMixer,MerRec_Action,sisa,l40s,14811_23,COMPLETED_MARKER,0:0 (success marker),success_marker,True,True,True,0,True,logs/unirank-sisa-strict-14811_23.out,checkpoints/MerRec_Action/SISA_strict_RankMixer_MerRec_Action_sisa_seed20262027.log,"{""Cart"": {""AUC"": 0.81089, ""logloss"": 0.05233}, ""Checkout"": {""AUC"": 0.83858, ""logloss"": 0.004693}, ""Like"": {""AUC"": 0.759983, ""logloss"": 0.322562}, ""Offer"": {""AUC"": 0.732952, ""logloss"": 0.02141}, ""Purchase"": {""AUC"": 0.838274, ""logloss"": 0.003033}}"
24,Zenith,QK_Video_Action,baseline,l40s,14811_24,COMPLETED_MARKER,0:0 (success marker),success_marker,True,True,True,0,True,logs/unirank-sisa-strict-14811_24.out,checkpoints/QK_Video_Action/SISA_strict_Zenith_QK_Video_Action_baseline_seed20262027.log,"{""click"": {""AUC"": 0.933477, ""logloss"": 0.252005}, ""follow"": {""AUC"": 0.922279, ""logloss"": 0.005022}, ""like"": {""AUC"": 0.947958, ""logloss"": 0.037439}, ""share"": {""AUC"": 0.935961, ""logloss"": 0.005276}}"
25,Zenith,QK_Video_Action,sisa,l40s,14811_25,COMPLETED_MARKER,0:0 (success marker),success_marker,True,True,True,0,True,logs/unirank-sisa-strict-14811_25.out,checkpoints/QK_Video_Action/SISA_strict_Zenith_QK_Video_Action_sisa_seed20262027.log,"{""click"": {""AUC"": 0.93471, ""logloss"": 0.249782}, ""follow"": {""AUC"": 0.923107, ""logloss"": 0.004978}, ""like"": {""AUC"": 0.948299, ""logloss"": 0.037061}, ""share"": {""AUC"": 0.936504, ""logloss"": 0.005265}}"
26,Zenith,KuaiRand_Video_Action,baseline,l40s,14854_26,COMPLETED_MARKER,0:0 (success marker),success_marker,True,True,True,0,True,logs/unirank-sisa-strict-14854_26.out,checkpoints/KuaiRand_Video_Action/SISA_strict_Zenith_KuaiRand_Video_Action_baseline_seed20262027.log,"{""is_click"": {""AUC"": 0.781888, ""logloss"": 0.538991}, ""is_comment"": {""AUC"": 0.897885, ""logloss"": 0.014788}, ""is_follow"": {""AUC"": 0.881683, ""logloss"": 0.006761}, ""is_forward"": {""AUC"": 0.871088, ""logloss"": 0.005649}, ""is_like"": {""AUC"": 0.928141, ""logloss"": 0.054321}, ""long_view"": {""AUC"": 0.79729, ""logloss"": 0.459923}}"
27,Zenith,KuaiRand_Video_Action,sisa,l40s,14854_27,COMPLETED_MARKER,0:0 (success marker),success_marker,True,True,True,0,True,logs/unirank-sisa-strict-14854_27.out,checkpoints/KuaiRand_Video_Action/SISA_strict_Zenith_KuaiRand_Video_Action_sisa_seed20262027.log,"{""is_click"": {""AUC"": 0.792759, ""logloss"": 0.527799}, ""is_comment"": {""AUC"": 0.901214, ""logloss"": 0.014609}, ""is_follow"": {""AUC"": 0.890208, ""logloss"": 0.006251}, ""is_forward"": {""AUC"": 0.873619, ""logloss"": 0.005596}, ""is_like"": {""AUC"": 0.930466, ""logloss"": 0.053227}, ""long_view"": {""AUC"": 0.810109, ""logloss"": 0.445069}}"
28,Zenith,Taobao_Action,baseline,l40s,14811_28,COMPLETED_MARKER,0:0 (success marker),success_marker,True,True,True,0,True,logs/unirank-sisa-strict-14811_28.out,checkpoints/Taobao_Action/SISA_strict_Zenith_Taobao_Action_baseline_seed20262027.log,"{""buy"": {""AUC"": 0.792465, ""logloss"": 0.006853}, ""cart"": {""AUC"": 0.78248, ""logloss"": 0.019201}, ""fav"": {""AUC"": 0.799847, ""logloss"": 0.014666}, ""is_click"": {""AUC"": 0.622431, ""logloss"": 0.187359}}"
29,Zenith,Taobao_Action,sisa,l40s,14811_29,COMPLETED_MARKER,0:0 (success marker),success_marker,True,True,True,0,True,logs/unirank-sisa-strict-14811_29.out,checkpoints/Taobao_Action/SISA_strict_Zenith_Taobao_Action_sisa_seed20262027.log,"{""buy"": {""AUC"": 0.798329, ""logloss"": 0.006768}, ""cart"": {""AUC"": 0.785999, ""logloss"": 0.019057}, ""fav"": {""AUC"": 0.805541, ""logloss"": 0.014559}, ""is_click"": {""AUC"": 0.619763, ""logloss"": 0.187583}}"
30,Zenith,MerRec_Action,baseline,l40s,14843_30,COMPLETED_MARKER,0:0 (success marker),success_marker,True,True,True,0,True,logs/unirank-sisa-strict-14843_30.out,checkpoints/MerRec_Action/SISA_strict_Zenith_MerRec_Action_baseline_seed20262027.log,"{""Cart"": {""AUC"": 0.806908, ""logloss"": 0.053756}, ""Checkout"": {""AUC"": 0.852295, ""logloss"": 0.010226}, ""Like"": {""AUC"": 0.744505, ""logloss"": 0.329855}, ""Offer"": {""AUC"": 0.773288, ""logloss"": 0.022102}, ""Purchase"": {""AUC"": 0.853223, ""logloss"": 0.006772}}"
31,Zenith,MerRec_Action,sisa,l40s,14846_31,COMPLETED_MARKER,0:0 (success marker),success_marker,True,True,True,0,True,logs/unirank-sisa-strict-14846_31.out,checkpoints/MerRec_Action/SISA_strict_Zenith_MerRec_Action_sisa_seed20262027.log,"{""Cart"": {""AUC"": 0.814763, ""logloss"": 0.053028}, ""Checkout"": {""AUC"": 0.853138, ""logloss"": 0.010215}, ""Like"": {""AUC"": 0.759388, ""logloss"": 0.323222}, ""Offer"": {""AUC"": 0.766747, ""logloss"": 0.022682}, ""Purchase"": {""AUC"": 0.852104, ""logloss"": 0.00688}}"
