model,dataset,label,baseline_auc,sisa_auc,delta_auc,baseline_logloss,sisa_logloss,delta_logloss
OneTrans,TencentGR_10M_Action,is_click,0.831705,0.83895,0.007244999999999946,0.049415,0.048848,-0.0005669999999999981
OneTrans,TencentGR_10M_Action,is_conversion,0.879542,0.882543,0.0030009999999999204,0.017811,0.017955,0.0001439999999999983
HiFormer,TencentGR_10M_Action,is_click,0.837502,0.846706,0.00920399999999999,0.047367,0.040661,-0.006705999999999997
HiFormer,TencentGR_10M_Action,is_conversion,0.872968,0.886886,0.013917999999999986,0.01701,0.015246,-0.0017640000000000017
RankMixer,TencentGR_10M_Action,is_click,0.815759,0.827592,0.011832999999999982,0.061211,0.05899,-0.0022210000000000008
RankMixer,TencentGR_10M_Action,is_conversion,0.873967,0.882659,0.008691999999999922,0.023279,0.022015,-0.0012640000000000012
Zenith,TencentGR_10M_Action,is_click,0.819024,0.831846,0.012822,0.059201,0.054814,-0.004386999999999995
Zenith,TencentGR_10M_Action,is_conversion,0.859953,0.866268,0.0063150000000000706,0.020371,0.018845,-0.0015259999999999996
UniMixer,QK_Video_Action,click,0.932792,0.932527,-0.0002649999999999597,0.253112,0.253566,0.00045400000000000995
UniMixer,QK_Video_Action,follow,0.902402,0.902319,-8.300000000005525e-05,0.0052,0.005195,-4.999999999999796e-06
UniMixer,QK_Video_Action,like,0.942821,0.9425,-0.0003210000000000157,0.037327,0.037213,-0.00011399999999999605
UniMixer,QK_Video_Action,share,0.923398,0.924461,0.0010629999999999251,0.005532,0.005491,-4.099999999999937e-05
UniMixer,KuaiRand_Video_Action,is_click,0.793239,0.793151,-8.799999999997699e-05,0.525484,0.525579,9.500000000006725e-05
UniMixer,KuaiRand_Video_Action,is_comment,0.886842,0.887145,0.0003029999999999422,0.015046,0.015036,-9.999999999999593e-06
UniMixer,KuaiRand_Video_Action,is_follow,0.86952,0.869907,0.0003870000000000262,0.006429,0.006479,5.0000000000000565e-05
UniMixer,KuaiRand_Video_Action,is_forward,0.856342,0.854777,-0.0015650000000000386,0.005799,0.005843,4.399999999999977e-05
UniMixer,KuaiRand_Video_Action,is_like,0.92544,0.925785,0.0003449999999999287,0.054408,0.054245,-0.00016299999999999648
UniMixer,KuaiRand_Video_Action,long_view,0.811239,0.810874,-0.0003650000000000597,0.44196,0.442367,0.0004069999999999907
UniMixer,TencentGR_10M_Action,is_click,0.807036,0.80614,-0.0008960000000000079,0.06837,0.067641,-0.0007289999999999935
UniMixer,TencentGR_10M_Action,is_conversion,0.856363,0.854206,-0.0021569999999999645,0.024905,0.025227,0.00032199999999999937
UniMixer,Taobao_Action,buy,0.762793,0.761336,-0.0014570000000000416,0.00694,0.006971,3.099999999999978e-05
UniMixer,Taobao_Action,cart,0.753612,0.758103,0.004491000000000023,0.019369,0.019259,-0.00011000000000000246
UniMixer,Taobao_Action,fav,0.793562,0.793872,0.00031000000000003247,0.01461,0.014538,-7.199999999999915e-05
UniMixer,Taobao_Action,is_click,0.600798,0.599495,-0.0013030000000000541,0.189159,0.189071,-8.800000000000474e-05
UniMixer,MerRec_Action,Cart,0.810231,0.810036,-0.00019500000000005624,0.052406,0.052429,2.3000000000002185e-05
UniMixer,MerRec_Action,Checkout,0.820987,0.820102,-0.0008850000000000247,0.006842,0.006961,0.00011900000000000018
UniMixer,MerRec_Action,Like,0.765101,0.764578,-0.0005230000000000512,0.319689,0.319878,0.00018899999999999473
UniMixer,MerRec_Action,Offer,0.72964,0.730094,0.00045400000000006546,0.022436,0.022399,-3.700000000000231e-05
UniMixer,MerRec_Action,Purchase,0.822179,0.821342,-0.0008369999999999767,0.004379,0.004544,0.00016500000000000022
HyFormer,QK_Video_Action,click,0.933053,0.934587,0.0015339999999999243,0.252904,0.250224,-0.0026800000000000157
HyFormer,QK_Video_Action,follow,0.91174,0.911898,0.00015799999999999148,0.005132,0.005131,-1.0000000000001327e-06
HyFormer,QK_Video_Action,like,0.946457,0.947302,0.0008449999999999847,0.036969,0.036658,-0.0003109999999999988
HyFormer,QK_Video_Action,share,0.92972,0.931195,0.001475000000000004,0.005374,0.005327,-4.700000000000017e-05
HyFormer,KuaiRand_Video_Action,is_click,0.782927,0.795817,0.012889999999999957,0.540743,0.525387,-0.015355999999999925
HyFormer,KuaiRand_Video_Action,is_comment,0.889771,0.891853,0.0020820000000000283,0.015035,0.014859,-0.00017599999999999907
HyFormer,KuaiRand_Video_Action,is_follow,0.879855,0.886716,0.006860999999999895,0.006594,0.006261,-0.00033299999999999996
HyFormer,KuaiRand_Video_Action,is_forward,0.86964,0.872832,0.0031920000000000837,0.005816,0.005598,-0.0002180000000000003
HyFormer,KuaiRand_Video_Action,is_like,0.922436,0.925135,0.002699000000000007,0.055706,0.054406,-0.0012999999999999956
HyFormer,KuaiRand_Video_Action,long_view,0.798512,0.810788,0.012275999999999954,0.454605,0.44358,-0.011025000000000007
HyFormer,TencentGR_10M_Action,is_click,0.825794,0.838596,0.01280199999999998,0.051701,0.049836,-0.0018649999999999986
HyFormer,TencentGR_10M_Action,is_conversion,0.87668,0.886346,0.009665999999999952,0.018252,0.016894,-0.0013580000000000016
HyFormer,Taobao_Action,buy,0.749831,0.730384,-0.019446999999999992,0.006997,0.007093,9.60000000000006e-05
HyFormer,Taobao_Action,cart,0.748985,0.722734,-0.026251000000000024,0.019846,0.020222,0.00037600000000000133
HyFormer,Taobao_Action,fav,0.778926,0.763074,-0.015851999999999977,0.015053,0.015204,0.0001510000000000001
HyFormer,Taobao_Action,is_click,0.612362,0.612538,0.000176000000000065,0.188705,0.188533,-0.00017200000000000548
HyFormer,MerRec_Action,Cart,0.798071,0.813835,0.015764,0.053872,0.052342,-0.0015300000000000036
HyFormer,MerRec_Action,Checkout,0.848886,0.856995,0.008108999999999922,0.00552,0.005343,-0.00017700000000000007
HyFormer,MerRec_Action,Like,0.73532,0.75901,0.02368999999999999,0.334592,0.322929,-0.011662999999999979
HyFormer,MerRec_Action,Offer,0.739902,0.745556,0.005654000000000048,0.021683,0.021918,0.0002349999999999991
HyFormer,MerRec_Action,Purchase,0.846507,0.855258,0.008750999999999953,0.003614,0.003653,3.899999999999997e-05
UltraHSTU,QK_Video_Action,click,0.936245,0.935973,-0.00027199999999993896,0.247528,0.247872,0.00034400000000001096
UltraHSTU,QK_Video_Action,follow,0.921606,0.919087,-0.002519000000000049,0.004938,0.004971,3.300000000000004e-05
UltraHSTU,QK_Video_Action,like,0.94969,0.949437,-0.00025300000000005873,0.036024,0.036209,0.00018499999999999767
UltraHSTU,QK_Video_Action,share,0.936002,0.934377,-0.0016249999999999876,0.005259,0.0053,4.100000000000024e-05
UltraHSTU,KuaiRand_Video_Action,is_click,0.765052,0.792992,0.027940000000000076,0.596708,0.542822,-0.05388599999999999
UltraHSTU,KuaiRand_Video_Action,is_comment,0.894262,0.895917,0.001654999999999962,0.014814,0.014761,-5.300000000000096e-05
UltraHSTU,KuaiRand_Video_Action,is_follow,0.874827,0.880072,0.005244999999999944,0.006195,0.00615,-4.49999999999999e-05
UltraHSTU,KuaiRand_Video_Action,is_forward,0.865946,0.873586,0.00763999999999998,0.005659,0.005625,-3.4000000000000176e-05
UltraHSTU,KuaiRand_Video_Action,is_like,0.923156,0.926349,0.0031930000000000014,0.054039,0.053847,-0.00019199999999999773
UltraHSTU,KuaiRand_Video_Action,long_view,0.792441,0.813989,0.02154800000000001,0.479429,0.444964,-0.03446499999999997
UltraHSTU,TencentGR_10M_Action,is_click,0.845543,0.843706,-0.0018370000000000886,0.057459,0.0577,0.00024099999999999816
UltraHSTU,TencentGR_10M_Action,is_conversion,0.89312,0.891606,-0.0015140000000000153,0.019419,0.01983,0.00041100000000000164
UltraHSTU,Taobao_Action,buy,0.854761,0.856786,0.0020250000000000545,0.006094,0.006139,4.500000000000077e-05
UltraHSTU,Taobao_Action,cart,0.831735,0.834827,0.0030919999999999837,0.017644,0.018055,0.00041100000000000164
UltraHSTU,Taobao_Action,fav,0.85337,0.858017,0.004647000000000068,0.013282,0.013156,-0.0001260000000000011
UltraHSTU,Taobao_Action,is_click,0.636081,0.636907,0.0008259999999999934,0.186999,0.18703,3.100000000000325e-05
UltraHSTU,MerRec_Action,Cart,0.796562,0.811238,0.014676000000000022,0.053754,0.052496,-0.0012580000000000022
UltraHSTU,MerRec_Action,Checkout,0.848994,0.858484,0.009489999999999998,0.005819,0.005441,-0.00037800000000000073
UltraHSTU,MerRec_Action,Like,0.734116,0.7502,0.016083999999999987,0.338686,0.328136,-0.010550000000000004
UltraHSTU,MerRec_Action,Offer,0.758009,0.769176,0.011166999999999927,0.02121,0.021059,-0.00015099999999999836
UltraHSTU,MerRec_Action,Purchase,0.84876,0.860975,0.012215000000000087,0.003688,0.003608,-7.999999999999978e-05
