task_id,model,dataset,setting,array_job,job_task_id,state,exit_code,state_source,gpu_count,gpu_name,host,protocol_valid,completion_marker,finite_metrics,error_count,complete,slurm_log,checkpoint_log,metrics_json
0,OneTrans,TencentGR_10M_Action,baseline,543887,543887_0,COMPLETED,0:0,sacct,4,NVIDIA H100 80GB HBM3,ACD1-22,True,True,True,0,True,logs/unirank-sisa-expansion-acd-543887_0.out,checkpoints/TencentGR_10M_Action/SISA_expansion_OneTrans_TencentGR_10M_Action_baseline_seed20262027.log,"{""is_click"": {""AUC"": 0.831705, ""logloss"": 0.049415}, ""is_conversion"": {""AUC"": 0.879542, ""logloss"": 0.017811}}"
1,OneTrans,TencentGR_10M_Action,sisa,543257,543257_1,COMPLETED,0:0,sacct,4,NVIDIA H100 80GB HBM3,ACD1-1,True,True,True,0,True,logs/unirank-sisa-expansion-acd-543257_1.out,checkpoints/TencentGR_10M_Action/SISA_expansion_OneTrans_TencentGR_10M_Action_sisa_seed20262027.log,"{""is_click"": {""AUC"": 0.83895, ""logloss"": 0.048848}, ""is_conversion"": {""AUC"": 0.882543, ""logloss"": 0.017955}}"
2,HiFormer,TencentGR_10M_Action,baseline,543257,543257_2,COMPLETED,0:0,sacct,4,NVIDIA H100 80GB HBM3,ACD1-17,True,True,True,0,True,logs/unirank-sisa-expansion-acd-543257_2.out,checkpoints/TencentGR_10M_Action/SISA_expansion_HiFormer_TencentGR_10M_Action_baseline_seed20262027.log,"{""is_click"": {""AUC"": 0.837502, ""logloss"": 0.047367}, ""is_conversion"": {""AUC"": 0.872968, ""logloss"": 0.01701}}"
3,HiFormer,TencentGR_10M_Action,sisa,543257,543257_3,COMPLETED,0:0,sacct,4,NVIDIA H100 80GB HBM3,ACD1-50,True,True,True,0,True,logs/unirank-sisa-expansion-acd-543257_3.out,checkpoints/TencentGR_10M_Action/SISA_expansion_HiFormer_TencentGR_10M_Action_sisa_seed20262027.log,"{""is_click"": {""AUC"": 0.846706, ""logloss"": 0.040661}, ""is_conversion"": {""AUC"": 0.886886, ""logloss"": 0.015246}}"
4,RankMixer,TencentGR_10M_Action,baseline,543257,543257_4,COMPLETED,0:0,sacct,4,NVIDIA H100 80GB HBM3,ACD1-33,True,True,True,0,True,logs/unirank-sisa-expansion-acd-543257_4.out,checkpoints/TencentGR_10M_Action/SISA_expansion_RankMixer_TencentGR_10M_Action_baseline_seed20262027.log,"{""is_click"": {""AUC"": 0.815759, ""logloss"": 0.061211}, ""is_conversion"": {""AUC"": 0.873967, ""logloss"": 0.023279}}"
5,RankMixer,TencentGR_10M_Action,sisa,543257,543257_5,COMPLETED,0:0,sacct,4,NVIDIA H100 80GB HBM3,ACD1-17,True,True,True,0,True,logs/unirank-sisa-expansion-acd-543257_5.out,checkpoints/TencentGR_10M_Action/SISA_expansion_RankMixer_TencentGR_10M_Action_sisa_seed20262027.log,"{""is_click"": {""AUC"": 0.827592, ""logloss"": 0.05899}, ""is_conversion"": {""AUC"": 0.882659, ""logloss"": 0.022015}}"
6,Zenith,TencentGR_10M_Action,baseline,543257,543257_6,COMPLETED,0:0,sacct,4,NVIDIA H100 80GB HBM3,ACD1-1,True,True,True,0,True,logs/unirank-sisa-expansion-acd-543257_6.out,checkpoints/TencentGR_10M_Action/SISA_expansion_Zenith_TencentGR_10M_Action_baseline_seed20262027.log,"{""is_click"": {""AUC"": 0.819024, ""logloss"": 0.059201}, ""is_conversion"": {""AUC"": 0.859953, ""logloss"": 0.020371}}"
7,Zenith,TencentGR_10M_Action,sisa,543257,543257_7,COMPLETED,0:0,sacct,4,NVIDIA H100 80GB HBM3,ACD1-22,True,True,True,0,True,logs/unirank-sisa-expansion-acd-543257_7.out,checkpoints/TencentGR_10M_Action/SISA_expansion_Zenith_TencentGR_10M_Action_sisa_seed20262027.log,"{""is_click"": {""AUC"": 0.831846, ""logloss"": 0.054814}, ""is_conversion"": {""AUC"": 0.866268, ""logloss"": 0.018845}}"
8,UniMixer,QK_Video_Action,baseline,543255,543255_8,COMPLETED,0:0,sacct,4,NVIDIA H100 80GB HBM3,ACD1-2,True,True,True,0,True,logs/unirank-sisa-expansion-acd-543255_8.out,checkpoints/QK_Video_Action/SISA_expansion_UniMixer_QK_Video_Action_baseline_seed20262027.log,"{""click"": {""AUC"": 0.932792, ""logloss"": 0.253112}, ""follow"": {""AUC"": 0.902402, ""logloss"": 0.0052}, ""like"": {""AUC"": 0.942821, ""logloss"": 0.037327}, ""share"": {""AUC"": 0.923398, ""logloss"": 0.005532}}"
9,UniMixer,QK_Video_Action,sisa,543257,543257_9,COMPLETED,0:0,sacct,4,NVIDIA H100 80GB HBM3,ACD1-31,True,True,True,0,True,logs/unirank-sisa-expansion-acd-543257_9.out,checkpoints/QK_Video_Action/SISA_expansion_UniMixer_QK_Video_Action_sisa_seed20262027.log,"{""click"": {""AUC"": 0.932527, ""logloss"": 0.253566}, ""follow"": {""AUC"": 0.902319, ""logloss"": 0.005195}, ""like"": {""AUC"": 0.9425, ""logloss"": 0.037213}, ""share"": {""AUC"": 0.924461, ""logloss"": 0.005491}}"
10,UniMixer,KuaiRand_Video_Action,baseline,543257,543257_10,COMPLETED,0:0,sacct,4,NVIDIA H100 80GB HBM3,ACD1-31,True,True,True,0,True,logs/unirank-sisa-expansion-acd-543257_10.out,checkpoints/KuaiRand_Video_Action/SISA_expansion_UniMixer_KuaiRand_Video_Action_baseline_seed20262027.log,"{""is_click"": {""AUC"": 0.793239, ""logloss"": 0.525484}, ""is_comment"": {""AUC"": 0.886842, ""logloss"": 0.015046}, ""is_follow"": {""AUC"": 0.86952, ""logloss"": 0.006429}, ""is_forward"": {""AUC"": 0.856342, ""logloss"": 0.005799}, ""is_like"": {""AUC"": 0.92544, ""logloss"": 0.054408}, ""long_view"": {""AUC"": 0.811239, ""logloss"": 0.44196}}"
11,UniMixer,KuaiRand_Video_Action,sisa,543257,543257_11,COMPLETED,0:0,sacct,4,NVIDIA H100 80GB HBM3,ACD1-11,True,True,True,0,True,logs/unirank-sisa-expansion-acd-543257_11.out,checkpoints/KuaiRand_Video_Action/SISA_expansion_UniMixer_KuaiRand_Video_Action_sisa_seed20262027.log,"{""is_click"": {""AUC"": 0.793151, ""logloss"": 0.525579}, ""is_comment"": {""AUC"": 0.887145, ""logloss"": 0.015036}, ""is_follow"": {""AUC"": 0.869907, ""logloss"": 0.006479}, ""is_forward"": {""AUC"": 0.854777, ""logloss"": 0.005843}, ""is_like"": {""AUC"": 0.925785, ""logloss"": 0.054245}, ""long_view"": {""AUC"": 0.810874, ""logloss"": 0.442367}}"
12,UniMixer,TencentGR_10M_Action,baseline,544786,544786_12,COMPLETED,0:0,sacct,4,NVIDIA H100 80GB HBM3,ACD1-17,True,True,True,0,True,logs/unirank-sisa-expansion-acd-544786_12.out,checkpoints/TencentGR_10M_Action/SISA_expansion_UniMixer_TencentGR_10M_Action_baseline_seed20262027.log,"{""is_click"": {""AUC"": 0.807036, ""logloss"": 0.06837}, ""is_conversion"": {""AUC"": 0.856363, ""logloss"": 0.024905}}"
13,UniMixer,TencentGR_10M_Action,sisa,544786,544786_13,COMPLETED,0:0,sacct,4,NVIDIA H100 80GB HBM3,ACD1-20,True,True,True,0,True,logs/unirank-sisa-expansion-acd-544786_13.out,checkpoints/TencentGR_10M_Action/SISA_expansion_UniMixer_TencentGR_10M_Action_sisa_seed20262027.log,"{""is_click"": {""AUC"": 0.80614, ""logloss"": 0.067641}, ""is_conversion"": {""AUC"": 0.854206, ""logloss"": 0.025227}}"
14,UniMixer,Taobao_Action,baseline,543257,543257_14,COMPLETED,0:0,sacct,4,NVIDIA H100 80GB HBM3,ACD1-31,True,True,True,0,True,logs/unirank-sisa-expansion-acd-543257_14.out,checkpoints/Taobao_Action/SISA_expansion_UniMixer_Taobao_Action_baseline_seed20262027.log,"{""buy"": {""AUC"": 0.762793, ""logloss"": 0.00694}, ""cart"": {""AUC"": 0.753612, ""logloss"": 0.019369}, ""fav"": {""AUC"": 0.793562, ""logloss"": 0.01461}, ""is_click"": {""AUC"": 0.600798, ""logloss"": 0.189159}}"
15,UniMixer,Taobao_Action,sisa,543257,543257_15,COMPLETED,0:0,sacct,4,NVIDIA H100 80GB HBM3,ACD1-11,True,True,True,0,True,logs/unirank-sisa-expansion-acd-543257_15.out,checkpoints/Taobao_Action/SISA_expansion_UniMixer_Taobao_Action_sisa_seed20262027.log,"{""buy"": {""AUC"": 0.761336, ""logloss"": 0.006971}, ""cart"": {""AUC"": 0.758103, ""logloss"": 0.019259}, ""fav"": {""AUC"": 0.793872, ""logloss"": 0.014538}, ""is_click"": {""AUC"": 0.599495, ""logloss"": 0.189071}}"
16,UniMixer,MerRec_Action,baseline,543257,543257_16,COMPLETED,0:0,sacct,4,NVIDIA H100 80GB HBM3,ACD1-28,True,True,True,0,True,logs/unirank-sisa-expansion-acd-543257_16.out,checkpoints/MerRec_Action/SISA_expansion_UniMixer_MerRec_Action_baseline_seed20262027.log,"{""Cart"": {""AUC"": 0.810231, ""logloss"": 0.052406}, ""Checkout"": {""AUC"": 0.820987, ""logloss"": 0.006842}, ""Like"": {""AUC"": 0.765101, ""logloss"": 0.319689}, ""Offer"": {""AUC"": 0.72964, ""logloss"": 0.022436}, ""Purchase"": {""AUC"": 0.822179, ""logloss"": 0.004379}}"
17,UniMixer,MerRec_Action,sisa,543257,543257_17,COMPLETED,0:0,sacct,4,NVIDIA H100 80GB HBM3,ACD1-11,True,True,True,0,True,logs/unirank-sisa-expansion-acd-543257_17.out,checkpoints/MerRec_Action/SISA_expansion_UniMixer_MerRec_Action_sisa_seed20262027.log,"{""Cart"": {""AUC"": 0.810036, ""logloss"": 0.052429}, ""Checkout"": {""AUC"": 0.820102, ""logloss"": 0.006961}, ""Like"": {""AUC"": 0.764578, ""logloss"": 0.319878}, ""Offer"": {""AUC"": 0.730094, ""logloss"": 0.022399}, ""Purchase"": {""AUC"": 0.821342, ""logloss"": 0.004544}}"
18,HyFormer,QK_Video_Action,baseline,543255,543255_18,COMPLETED,0:0,sacct,4,NVIDIA H100 80GB HBM3,ACD1-31,True,True,True,0,True,logs/unirank-sisa-expansion-acd-543255_18.out,checkpoints/QK_Video_Action/SISA_expansion_HyFormer_QK_Video_Action_baseline_seed20262027.log,"{""click"": {""AUC"": 0.933053, ""logloss"": 0.252904}, ""follow"": {""AUC"": 0.91174, ""logloss"": 0.005132}, ""like"": {""AUC"": 0.946457, ""logloss"": 0.036969}, ""share"": {""AUC"": 0.92972, ""logloss"": 0.005374}}"
19,HyFormer,QK_Video_Action,sisa,543257,543257_19,COMPLETED,0:0,sacct,4,NVIDIA H100 80GB HBM3,ACD1-11,True,True,True,0,True,logs/unirank-sisa-expansion-acd-543257_19.out,checkpoints/QK_Video_Action/SISA_expansion_HyFormer_QK_Video_Action_sisa_seed20262027.log,"{""click"": {""AUC"": 0.934587, ""logloss"": 0.250224}, ""follow"": {""AUC"": 0.911898, ""logloss"": 0.005131}, ""like"": {""AUC"": 0.947302, ""logloss"": 0.036658}, ""share"": {""AUC"": 0.931195, ""logloss"": 0.005327}}"
20,HyFormer,KuaiRand_Video_Action,baseline,543257,543257_20,COMPLETED,0:0,sacct,4,NVIDIA H100 80GB HBM3,ACD1-28,True,True,True,0,True,logs/unirank-sisa-expansion-acd-543257_20.out,checkpoints/KuaiRand_Video_Action/SISA_expansion_HyFormer_KuaiRand_Video_Action_baseline_seed20262027.log,"{""is_click"": {""AUC"": 0.782927, ""logloss"": 0.540743}, ""is_comment"": {""AUC"": 0.889771, ""logloss"": 0.015035}, ""is_follow"": {""AUC"": 0.879855, ""logloss"": 0.006594}, ""is_forward"": {""AUC"": 0.86964, ""logloss"": 0.005816}, ""is_like"": {""AUC"": 0.922436, ""logloss"": 0.055706}, ""long_view"": {""AUC"": 0.798512, ""logloss"": 0.454605}}"
21,HyFormer,KuaiRand_Video_Action,sisa,543257,543257_21,COMPLETED,0:0,sacct,4,NVIDIA H100 80GB HBM3,ACD1-17,True,True,True,0,True,logs/unirank-sisa-expansion-acd-543257_21.out,checkpoints/KuaiRand_Video_Action/SISA_expansion_HyFormer_KuaiRand_Video_Action_sisa_seed20262027.log,"{""is_click"": {""AUC"": 0.795817, ""logloss"": 0.525387}, ""is_comment"": {""AUC"": 0.891853, ""logloss"": 0.014859}, ""is_follow"": {""AUC"": 0.886716, ""logloss"": 0.006261}, ""is_forward"": {""AUC"": 0.872832, ""logloss"": 0.005598}, ""is_like"": {""AUC"": 0.925135, ""logloss"": 0.054406}, ""long_view"": {""AUC"": 0.810788, ""logloss"": 0.44358}}"
22,HyFormer,TencentGR_10M_Action,baseline,543257,543257_22,COMPLETED,0:0,sacct,4,NVIDIA H100 80GB HBM3,ACD1-1,True,True,True,0,True,logs/unirank-sisa-expansion-acd-543257_22.out,checkpoints/TencentGR_10M_Action/SISA_expansion_HyFormer_TencentGR_10M_Action_baseline_seed20262027.log,"{""is_click"": {""AUC"": 0.825794, ""logloss"": 0.051701}, ""is_conversion"": {""AUC"": 0.87668, ""logloss"": 0.018252}}"
23,HyFormer,TencentGR_10M_Action,sisa,543257,543257_23,COMPLETED,0:0,sacct,4,NVIDIA H100 80GB HBM3,ACD1-28,True,True,True,0,True,logs/unirank-sisa-expansion-acd-543257_23.out,checkpoints/TencentGR_10M_Action/SISA_expansion_HyFormer_TencentGR_10M_Action_sisa_seed20262027.log,"{""is_click"": {""AUC"": 0.838596, ""logloss"": 0.049836}, ""is_conversion"": {""AUC"": 0.886346, ""logloss"": 0.016894}}"
24,HyFormer,Taobao_Action,baseline,543257,543257_24,COMPLETED,0:0,sacct,4,NVIDIA H100 80GB HBM3,ACD1-11,True,True,True,0,True,logs/unirank-sisa-expansion-acd-543257_24.out,checkpoints/Taobao_Action/SISA_expansion_HyFormer_Taobao_Action_baseline_seed20262027.log,"{""buy"": {""AUC"": 0.749831, ""logloss"": 0.006997}, ""cart"": {""AUC"": 0.748985, ""logloss"": 0.019846}, ""fav"": {""AUC"": 0.778926, ""logloss"": 0.015053}, ""is_click"": {""AUC"": 0.612362, ""logloss"": 0.188705}}"
25,HyFormer,Taobao_Action,sisa,543257,543257_25,COMPLETED,0:0,sacct,4,NVIDIA H100 80GB HBM3,ACD1-11,True,True,True,0,True,logs/unirank-sisa-expansion-acd-543257_25.out,checkpoints/Taobao_Action/SISA_expansion_HyFormer_Taobao_Action_sisa_seed20262027.log,"{""buy"": {""AUC"": 0.730384, ""logloss"": 0.007093}, ""cart"": {""AUC"": 0.722734, ""logloss"": 0.020222}, ""fav"": {""AUC"": 0.763074, ""logloss"": 0.015204}, ""is_click"": {""AUC"": 0.612538, ""logloss"": 0.188533}}"
26,HyFormer,MerRec_Action,baseline,543257,543257_26,COMPLETED,0:0,sacct,4,NVIDIA H100 80GB HBM3,ACD1-11,True,True,True,0,True,logs/unirank-sisa-expansion-acd-543257_26.out,checkpoints/MerRec_Action/SISA_expansion_HyFormer_MerRec_Action_baseline_seed20262027.log,"{""Cart"": {""AUC"": 0.798071, ""logloss"": 0.053872}, ""Checkout"": {""AUC"": 0.848886, ""logloss"": 0.00552}, ""Like"": {""AUC"": 0.73532, ""logloss"": 0.334592}, ""Offer"": {""AUC"": 0.739902, ""logloss"": 0.021683}, ""Purchase"": {""AUC"": 0.846507, ""logloss"": 0.003614}}"
27,HyFormer,MerRec_Action,sisa,543257,543257_27,COMPLETED,0:0,sacct,4,NVIDIA H100 80GB HBM3,ACD1-17,True,True,True,0,True,logs/unirank-sisa-expansion-acd-543257_27.out,checkpoints/MerRec_Action/SISA_expansion_HyFormer_MerRec_Action_sisa_seed20262027.log,"{""Cart"": {""AUC"": 0.813835, ""logloss"": 0.052342}, ""Checkout"": {""AUC"": 0.856995, ""logloss"": 0.005343}, ""Like"": {""AUC"": 0.75901, ""logloss"": 0.322929}, ""Offer"": {""AUC"": 0.745556, ""logloss"": 0.021918}, ""Purchase"": {""AUC"": 0.855258, ""logloss"": 0.003653}}"
28,UltraHSTU,QK_Video_Action,baseline,543255,543255_28,COMPLETED,0:0,sacct,4,NVIDIA H100 80GB HBM3,ACD1-1,True,True,True,0,True,logs/unirank-sisa-expansion-acd-543255_28.out,checkpoints/QK_Video_Action/SISA_expansion_UltraHSTU_QK_Video_Action_baseline_seed20262027.log,"{""click"": {""AUC"": 0.936245, ""logloss"": 0.247528}, ""follow"": {""AUC"": 0.921606, ""logloss"": 0.004938}, ""like"": {""AUC"": 0.94969, ""logloss"": 0.036024}, ""share"": {""AUC"": 0.936002, ""logloss"": 0.005259}}"
29,UltraHSTU,QK_Video_Action,sisa,545515,545515_29,COMPLETED,0:0,sacct,4,NVIDIA H100 80GB HBM3,ACD1-1,True,True,True,0,True,logs/unirank-sisa-ultrahstu-eager-545515_29.out,checkpoints/QK_Video_Action/SISA_expansion_UltraHSTU_QK_Video_Action_sisa_seed20262027.log,"{""click"": {""AUC"": 0.935973, ""logloss"": 0.247872}, ""follow"": {""AUC"": 0.919087, ""logloss"": 0.004971}, ""like"": {""AUC"": 0.949437, ""logloss"": 0.036209}, ""share"": {""AUC"": 0.934377, ""logloss"": 0.0053}}"
30,UltraHSTU,KuaiRand_Video_Action,baseline,543257,543257_30,COMPLETED,0:0,sacct,4,NVIDIA H100 80GB HBM3,ACD1-11,True,True,True,0,True,logs/unirank-sisa-expansion-acd-543257_30.out,checkpoints/KuaiRand_Video_Action/SISA_expansion_UltraHSTU_KuaiRand_Video_Action_baseline_seed20262027.log,"{""is_click"": {""AUC"": 0.765052, ""logloss"": 0.596708}, ""is_comment"": {""AUC"": 0.894262, ""logloss"": 0.014814}, ""is_follow"": {""AUC"": 0.874827, ""logloss"": 0.006195}, ""is_forward"": {""AUC"": 0.865946, ""logloss"": 0.005659}, ""is_like"": {""AUC"": 0.923156, ""logloss"": 0.054039}, ""long_view"": {""AUC"": 0.792441, ""logloss"": 0.479429}}"
31,UltraHSTU,KuaiRand_Video_Action,sisa,543257,543257_31,COMPLETED,0:0,sacct,4,NVIDIA H100 80GB HBM3,ACD1-17,True,True,True,0,True,logs/unirank-sisa-expansion-acd-543257_31.out,checkpoints/KuaiRand_Video_Action/SISA_expansion_UltraHSTU_KuaiRand_Video_Action_sisa_seed20262027.log,"{""is_click"": {""AUC"": 0.792992, ""logloss"": 0.542822}, ""is_comment"": {""AUC"": 0.895917, ""logloss"": 0.014761}, ""is_follow"": {""AUC"": 0.880072, ""logloss"": 0.00615}, ""is_forward"": {""AUC"": 0.873586, ""logloss"": 0.005625}, ""is_like"": {""AUC"": 0.926349, ""logloss"": 0.053847}, ""long_view"": {""AUC"": 0.813989, ""logloss"": 0.444964}}"
32,UltraHSTU,TencentGR_10M_Action,baseline,543257,543257_32,COMPLETED,0:0,sacct,4,NVIDIA H100 80GB HBM3,ACD1-1,True,True,True,0,True,logs/unirank-sisa-expansion-acd-543257_32.out,checkpoints/TencentGR_10M_Action/SISA_expansion_UltraHSTU_TencentGR_10M_Action_baseline_seed20262027.log,"{""is_click"": {""AUC"": 0.845543, ""logloss"": 0.057459}, ""is_conversion"": {""AUC"": 0.89312, ""logloss"": 0.019419}}"
33,UltraHSTU,TencentGR_10M_Action,sisa,543257,543257_33,COMPLETED,0:0,sacct,4,NVIDIA H100 80GB HBM3,ACD1-11,True,True,True,0,True,logs/unirank-sisa-expansion-acd-543257_33.out,checkpoints/TencentGR_10M_Action/SISA_expansion_UltraHSTU_TencentGR_10M_Action_sisa_seed20262027.log,"{""is_click"": {""AUC"": 0.843706, ""logloss"": 0.0577}, ""is_conversion"": {""AUC"": 0.891606, ""logloss"": 0.01983}}"
34,UltraHSTU,Taobao_Action,baseline,543257,543257_34,COMPLETED,0:0,sacct,4,NVIDIA H100 80GB HBM3,ACD1-28,True,True,True,0,True,logs/unirank-sisa-expansion-acd-543257_34.out,checkpoints/Taobao_Action/SISA_expansion_UltraHSTU_Taobao_Action_baseline_seed20262027.log,"{""buy"": {""AUC"": 0.854761, ""logloss"": 0.006094}, ""cart"": {""AUC"": 0.831735, ""logloss"": 0.017644}, ""fav"": {""AUC"": 0.85337, ""logloss"": 0.013282}, ""is_click"": {""AUC"": 0.636081, ""logloss"": 0.186999}}"
35,UltraHSTU,Taobao_Action,sisa,545515,545515_35,COMPLETED,0:0,sacct,4,NVIDIA H100 80GB HBM3,ACD1-9,True,True,True,0,True,logs/unirank-sisa-ultrahstu-eager-545515_35.out,checkpoints/Taobao_Action/SISA_expansion_UltraHSTU_Taobao_Action_sisa_seed20262027.log,"{""buy"": {""AUC"": 0.856786, ""logloss"": 0.006139}, ""cart"": {""AUC"": 0.834827, ""logloss"": 0.018055}, ""fav"": {""AUC"": 0.858017, ""logloss"": 0.013156}, ""is_click"": {""AUC"": 0.636907, ""logloss"": 0.18703}}"
36,UltraHSTU,MerRec_Action,baseline,543257,543257_36,COMPLETED,0:0,sacct,4,NVIDIA H100 80GB HBM3,ACD1-25,True,True,True,0,True,logs/unirank-sisa-expansion-acd-543257_36.out,checkpoints/MerRec_Action/SISA_expansion_UltraHSTU_MerRec_Action_baseline_seed20262027.log,"{""Cart"": {""AUC"": 0.796562, ""logloss"": 0.053754}, ""Checkout"": {""AUC"": 0.848994, ""logloss"": 0.005819}, ""Like"": {""AUC"": 0.734116, ""logloss"": 0.338686}, ""Offer"": {""AUC"": 0.758009, ""logloss"": 0.02121}, ""Purchase"": {""AUC"": 0.84876, ""logloss"": 0.003688}}"
37,UltraHSTU,MerRec_Action,sisa,545515,545515_37,COMPLETED,0:0,sacct,4,NVIDIA H100 80GB HBM3,ACD1-9,True,True,True,0,True,logs/unirank-sisa-ultrahstu-eager-545515_37.out,checkpoints/MerRec_Action/SISA_expansion_UltraHSTU_MerRec_Action_sisa_seed20262027.log,"{""Cart"": {""AUC"": 0.811238, ""logloss"": 0.052496}, ""Checkout"": {""AUC"": 0.858484, ""logloss"": 0.005441}, ""Like"": {""AUC"": 0.7502, ""logloss"": 0.328136}, ""Offer"": {""AUC"": 0.769176, ""logloss"": 0.021059}, ""Purchase"": {""AUC"": 0.860975, ""logloss"": 0.003608}}"
